Formula,P2O5,SiO2,TiO2,Al2O3,Cr2O3,MgO,CaO,MnO,FeO,Na2O,K2O,S,Mo,Total,"O=S , Mo",Total,X,Y,Z,Beam X,Beam Y,Comment,Distance (µ),Mean Z,Point#,Date,Geo Specie
1 / 1 . ,0.3539,53.1644,1.9887,16.5859,0.0378,5.355,7.8148,0.1541,9.3026,2.9162,1.17,0,0.4166,99.26,0.0347,99.2253,-12308,-19530,162, , ,CR1B_Bulk_Pt1,0,12.4855,1,2/20/2020 11:19,Glass (on the basis of 24 O)
1 / 2 . ,0.3934,53.481,2.0694,16.2624,0.0306,5.3112,7.6107,0.1303,9.0676,3.1064,1.1268,0.0064,0.357,98.9533,0.0314,98.9219,-12026,-19530,162, , ,CR1B_Bulk_Pt2,282,12.3962,2,2/20/2020 11:25,Glass (on the basis of 24 O)
1 / 3 . ,0.3466,53.3094,1.7485,17.1896,0.0108,5.109,8.1015,0.1708,8.4721,3.0814,1.0422,0.0074,0.4328,99.022,0.0379,98.9841,-11691,-19446,162, , ,CR1B_Bulk_Pt3,622.69,12.3677,3,2/20/2020 11:31,Glass (on the basis of 24 O)
1 / 4 . ,0.3671,53.1411,1.8231,17.1589,0.0514,4.9802,7.9594,0.1193,8.6405,2.8552,1.2015,0.0159,0.5317,98.8453,0.0483,98.797,-11464,-19725,162, , ,CR1B_Bulk_Pt4,866.23,12.4046,4,2/20/2020 11:36,Glass (on the basis of 24 O)
1 / 5 . ,0.3048,52.9865,1.8151,17.402,0.0162,5.2489,7.9719,0.1633,8.7736,2.9212,1.0642,0,0.2801,98.9478,0.0234,98.9244,-11619,-21594,169, , ,CR1B_Bulk_Pt5,2175.98,12.3409,5,2/20/2020 11:41,Glass (on the basis of 24 O)
1 / 6 . ,0.275,53.2293,1.9907,16.7209,0.0198,5.0415,8.0018,0.125,9.0738,2.8827,1.1209,0,0.6166,99.0978,0.0514,99.0464,-11794,-21429,169, , ,CR1B_Bulk_Pt6,1967.35,12.51,6,2/20/2020 11:46,Glass (on the basis of 24 O)
1 / 7 . ,0.3353,53.0124,1.7768,16.0782,0.0315,6.182,7.9784,0.1669,9.1087,2.8959,1.0618,0,0.3406,98.9688,0.0284,98.9404,-12519,-21629,169, , ,CR1B_Bulk_Pt7,2109.59,12.3987,7,2/20/2020 11:52,Glass (on the basis of 24 O)
1 / 8 . ,0.3555,51.0668,2.102,15.8171,0.0456,5.6154,7.8897,0.1617,10.1656,2.8253,0.9582,0.0127,1.0585,98.0741,0.0914,97.9827,-12613,-21585,169, , ,CR1B_Bulk_Pt8,2077.52,12.6559,8,2/20/2020 11:57,Glass (on the basis of 24 O)
1 / 9 . ,0.3615,53.1716,1.9291,16.2902,0.0297,5.3324,7.9647,0.1221,9.0112,3.1052,1.0754,0.0011,0.6074,99.0016,0.0509,98.9507,-12962,-21196,169, , ,CR1B_Bulk_Pt9,1789.78,12.4811,9,2/20/2020 12:02,Glass (on the basis of 24 O)
1 / 10 . ,0.3945,52.7548,1.8801,16.0397,0.0117,5.4574,7.8688,0.1393,9.0883,3.0181,1.0973,0.0074,0.3658,98.1232,0.0324,98.0908,-13301,-21063,169, , ,CR1B_Bulk_Pt10,1826.52,12.3137,10,2/20/2020 12:08,Glass (on the basis of 24 O)
1 / 11 . ,0.3362,53.3343,1.8238,16.6662,0.0162,5.1576,7.8871,0.1349,8.8111,3.2377,1.1445,0.0181,0.2357,98.8034,0.0242,98.7792,-13454,-20917,169, , ,CR1B_Bulk_Pt11,1799.2,12.3158,11,2/20/2020 12:13,Glass (on the basis of 24 O)
1 / 12 . ,0.2941,54.1068,1.3952,17.8628,0.0145,4.6721,8.276,0.121,7.8027,3.2022,1.1472,0,0.4615,99.3561,0.0385,99.3176,-13707,-20444,169, , ,CR1B_Bulk_Pt12,1671.12,12.3287,12,2/20/2020 12:18,Glass (on the basis of 24 O)
1 / 13 . ,0.3426,53.5977,1.6734,17.3549,0,4.6527,8.2759,0.1509,8.1848,3.2802,1.2007,0.0234,0.0822,98.8195,0.0127,98.8068,-14208,-20444,169, , ,CR1B_Bulk_Pt13,2108.42,12.2174,13,2/20/2020 12:24,Glass (on the basis of 24 O)
1 / 14 . ,0.3783,53.8234,1.8058,17.8855,0.0081,4.1258,7.8728,0.1195,7.9638,3.4865,1.3939,0,0.0667,98.9302,0.0056,98.9247,-14379,-20526,169, , ,CR1B_Bulk_Pt14,2298.07,12.193,14,2/20/2020 12:29,Glass (on the basis of 24 O)
1 / 15 . ,0.3477,52.8022,1.8148,16.6636,0.0171,5.6321,8.1816,0.1588,8.8534,3.0576,1.0566,0.0128,0.2348,98.8331,0.0228,98.8103,-14346,-21040,169, , ,CR1B_Bulk_Pt15,2536.45,12.3358,15,2/20/2020 12:34,Glass (on the basis of 24 O)
1 / 16 . ,0.4189,52.8893,1.8539,16.4335,0.0288,5.901,8.0471,0.1646,9.3845,2.9727,1.1037,0,0.2076,99.4055,0.0173,99.3882,-13877,-21224,169, , ,CR1B_Bulk_Pt16,2308.99,12.4464,16,2/20/2020 12:39,Glass (on the basis of 24 O)
1 / 17 . ,0.342,52.4169,2.0629,16.3264,0.044,5.4774,8.0504,0.1741,9.903,2.8881,1.0728,0.0117,0.5296,99.2992,0.0471,99.2521,-13800,-22582,169, , ,CR1B_Bulk_Pt17,3397.18,12.6087,17,2/20/2020 12:45,Glass (on the basis of 24 O)
1 / 18 . ,0.403,52.4889,2.0438,16.3262,0.0377,5.0907,7.657,0.1495,9.3806,2.9214,1.1456,0.0159,0.6037,98.264,0.0543,98.2097,-14454,-22206,169, , ,CR1B_Bulk_Pt18,3430.21,12.441,18,2/20/2020 12:50,Glass (on the basis of 24 O)
1 / 19 . ,0.3324,52.9957,1.8943,16.8547,0.0316,5.1814,8.0849,0.1401,8.6479,2.939,1.0962,0.0085,0.5176,98.7242,0.0453,98.679,-14764,-21902,169, , ,CR1B_Bulk_Pt19,3414.44,12.3918,19,2/20/2020 12:55,Glass (on the basis of 24 O)
1 / 20 . ,0.3722,53.1413,1.8392,16.7611,0.0288,5.015,7.8636,0.1556,8.8688,3.0374,1.0889,0,0.5109,98.6829,0.0426,98.6403,-14733,-22170,169, , ,CR1B_Bulk_Pt20,3584.73,12.3946,20,2/20/2020 13:01,Glass (on the basis of 24 O)
1 / 21 . ,0.3508,52.9273,1.7915,16.5718,0.0198,5.6458,8.2392,0.1708,8.7586,2.8571,1.0901,0.0128,0.5483,98.9838,0.0489,98.9349,-14596,-22446,169, , ,CR1B_Bulk_Pt21,3706.49,12.4462,21,2/20/2020 13:06,Glass (on the basis of 24 O)
1 / 22 . ,0.3104,53.2101,1.8365,16.5913,0.0442,5.5576,8.0492,0.1499,8.7552,2.8693,1.0694,0.0117,0.4704,98.9252,0.0421,98.883,-14563,-22579,169, , ,CR1B_Bulk_Pt22,3792.29,12.4053,22,2/20/2020 13:11,Glass (on the basis of 24 O)
1 / 23 . ,0.3778,52.451,1.8856,16.5737,0.0324,5.3432,7.7135,0.1394,8.8602,2.8212,1.0898,0.0149,0.4433,97.746,0.0407,97.7053,-13409,-18966,169, , ,CR1B_Bulk_Pt23,1237.07,12.2653,23,2/20/2020 13:16,Glass (on the basis of 24 O)
1 / 24 . ,0.3318,52.5323,1.9081,16.0556,0.0261,5.5005,7.5193,0.1465,9.1819,2.973,1.1047,0.0361,0.7552,98.0711,0.072,97.9992,-13244,-19027,169, , ,CR1B_Bulk_Pt24,1062.62,12.4252,24,2/20/2020 13:22,Glass (on the basis of 24 O)
1 / 25 . ,0.3254,52.8028,2.0257,15.9793,0.0315,5.737,7.6882,0.1421,9.2024,2.7538,1.0509,0.0096,0.6865,98.435,0.0596,98.3753,-13067,-19185,169, , ,CR1B_Bulk_Pt25,833.76,12.4574,25,2/20/2020 13:27,Glass (on the basis of 24 O)
2 / 1 . ,0.342,53.1268,1.4994,15.2933,0,5.7409,8.9911,0.1665,8.6054,2.9829,1.1685,0.0168,0.4557,98.3892,0.0422,98.3471,-20329,-26798,169, , ,CR3_Bulk_Pt1,10824.06,12.3659,26,2/20/2020 13:32,Glass (on the basis of 24 O)
2 / 2 . ,0.0846,51.9734,0.8213,22.3041,0.0259,3.3209,8.7619,0.0915,6.3379,3.5724,1.1728,0.0259,0.2475,98.74,0.0271,98.7129,-20320,-27054,169, , ,CR3_Bulk_Pt2,10991.03,12.0246,27,2/20/2020 13:38,Glass (on the basis of 24 O)
2 / 3 . ,0.3498,52.9244,1.8219,14.0447,0,6.0087,9.2822,0.1937,9.4271,2.6876,1.104,0.0022,0.5973,98.4438,0.0504,98.3934,-19973,-27136,169, , ,CR3_Bulk_Pt3,10798.31,12.54,28,2/20/2020 13:43,Glass (on the basis of 24 O)
2 / 4 . ,0.3976,52.5267,1.6487,15.2208,0.0493,6.0231,9.1004,0.207,9.4999,2.7222,1.059,0,0.417,98.8718,0.0348,98.837,-19976,-27438,169, , ,CR3_Bulk_Pt4,11015.21,12.5228,29,2/20/2020 13:49,Glass (on the basis of 24 O)
2 / 5 . ,0.3035,54.0161,1.7123,16.6201,0.0381,4.3057,8.0183,0.1116,7.9777,3.3358,1.328,0.009,0.704,98.4801,0.0609,98.4192,-19789,-27281,169, , ,CR3_Bulk_Pt5,10772.34,12.3483,30,2/20/2020 13:54,Glass (on the basis of 24 O)
2 / 6 . ,0.3638,52.7571,1.7254,14.3403,0.0607,6.3574,9.4152,0.1695,9.4228,2.7995,1.0633,0.0011,0.49,98.9661,0.0411,98.9249,-19300,-27281,169, , ,CR3_Bulk_Pt6,10438.68,12.5666,31,2/20/2020 13:59,Glass (on the basis of 24 O)
2 / 7 . ,0.4281,52.4295,1.8418,12.9264,0.018,6.8724,9.4729,0.2309,10.0916,2.6283,1.0317,0.0022,0.7143,98.6881,0.0601,98.6279,-19077,-27225,169, , ,CR3_Bulk_Pt7,10248.53,12.6935,32,2/20/2020 14:05,Glass (on the basis of 24 O)
2 / 8 . ,0.3865,52.9613,1.8002,13.6568,0.0066,6.3139,9.2519,0.17,10.067,2.7242,1.1712,0.0111,0.5538,99.0746,0.049,99.0256,-18718,-27413,169, , ,CR3_Bulk_Pt8,10160.21,12.6698,33,2/20/2020 14:10,Glass (on the basis of 24 O)
2 / 9 . ,0.4243,52.8124,1.5839,14.1895,0.0246,6.5625,9.2523,0.1622,9.5648,2.8632,1.15,0.0111,0.5702,99.1711,0.0503,99.1208,-18547,-27440,169, , ,CR3_Bulk_Pt9,10074.39,12.6139,34,2/20/2020 14:15,Glass (on the basis of 24 O)
2 / 10 . ,0.358,51.8306,2.0465,13.2045,0.0595,6.6356,9.3257,0.1619,10.5638,2.588,1.0405,0.0022,0.7926,98.6093,0.0666,98.5427,-18305,-27479,169, , ,CR3_Bulk_Pt10,9957.44,12.7625,35,2/20/2020 14:20,Glass (on the basis of 24 O)
2 / 11 . ,0.3757,52.7073,2.078,13.3988,0.0312,6.4321,9.1225,0.1706,9.6306,2.6404,1.1696,0.0133,1.1084,98.8786,0.0957,98.7828,-18174,-27239,169, , ,CR3_Bulk_Pt11,9687.04,12.7833,36,2/20/2020 14:26,Glass (on the basis of 24 O)
2 / 12 . ,0.4565,52.4606,1.6769,12.4412,0.018,7.7043,10.112,0.2109,10.0612,2.325,0.938,0,0.5147,98.9194,0.0429,98.8765,-18281,-27127,169, , ,CR3_Bulk_Pt12,9663.91,12.6706,37,2/20/2020 14:31,Glass (on the basis of 24 O)
2 / 13 . ,0.3525,54.5234,1.8617,15.8432,0.0057,4.7861,7.7766,0.1311,8.6426,3.2754,1.3595,0.0078,0.3969,98.9627,0.0351,98.9277,-18337,-26762,169, , ,CR3_Bulk_Pt13,9415.45,12.3746,38,2/20/2020 14:36,Glass (on the basis of 24 O)
2 / 14 . ,0.3705,53.7886,1.826,16.2005,0.0485,4.543,7.9652,0.1193,8.307,3.2704,1.3065,0.0201,0.6779,98.4435,0.0616,98.382,-18337,-26635,169, , ,CR3_Bulk_Pt14,9318.26,12.3775,39,2/20/2020 14:42,Glass (on the basis of 24 O)
2 / 15 . ,0.3108,56.0586,1.4419,18.5805,0.0545,3.1744,7.1909,0.1434,6.8505,3.6571,1.6556,0,0.3467,99.4648,0.0289,99.4358,-18652,-26737,169, , ,CR3_Bulk_Pt15,9601.42,12.1776,40,2/20/2020 14:47,Glass (on the basis of 24 O)
2 / 16 . ,0.3396,54.6709,1.7292,15.3835,0.0332,5.3452,7.7982,0.1625,8.9702,2.9707,1.2871,0,0.3823,99.0726,0.0319,99.0407,-19584,-28783,169, , ,CR3_Bulk_Pt16,11771.08,12.4124,41,2/20/2020 14:52,Glass (on the basis of 24 O)
2 / 17 . ,0.2899,54.358,2.0012,15.3314,0.0674,5.3528,7.6427,0.1468,9.0894,3.0538,1.2431,0,0.3538,98.9304,0.0295,98.9009,-19711,-28598,169, , ,CR3_Bulk_Pt17,11706.11,12.4061,42,2/20/2020 14:58,Glass (on the basis of 24 O)
2 / 18 . ,0.1665,54.2761,2.0391,15.937,0.0076,4.7921,7.8521,0.1317,9.0802,2.7702,1.128,0.0078,0.9125,99.1009,0.078,99.0229,-19951,-28140,169, , ,CR3_Bulk_Pt18,11512.93,12.6014,43,2/20/2020 15:03,Glass (on the basis of 24 O)
2 / 19 . ,0.3423,54.6703,1.8575,16.3562,0.0038,4.503,7.702,0.1218,8.1393,3.4033,1.3955,0.0235,0.4878,99.0063,0.0466,98.9598,-18393,-26581,169, , ,CR3_Bulk_Pt19,9313.64,12.3483,44,2/20/2020 15:08,Glass (on the basis of 24 O)
2 / 20 . ,0.354,53.3669,2.2199,15.0348,0.0132,4.8673,7.7173,0.1832,9.5016,3.192,1.3933,0,0.9237,98.7673,0.077,98.6903,-19011,-26794,169, , ,CR3_Bulk_Pt20,9884.13,12.6377,45,2/20/2020 15:13,Glass (on the basis of 24 O)
2 / 21 . ,0.4337,52.2555,1.7734,12.569,0.0511,7.4685,9.9013,0.1566,10.3228,2.5248,1.0033,0,0.4757,98.9357,0.0397,98.8961,-19020,-27094,169, , ,CR3_Bulk_Pt21,10112.62,12.6845,46,2/20/2020 15:19,Glass (on the basis of 24 O)
2 / 22 . ,0.447,52.0415,1.7353,12.5693,0.0208,7.504,10.0514,0.2333,10.263,2.4638,0.9811,0.0122,0.4377,98.7604,0.0395,98.7209,-18927,-27094,169, , ,CR3_Bulk_Pt22,10051.13,12.6585,47,2/20/2020 15:24,Glass (on the basis of 24 O)
2 / 23 . ,0.3191,53.8256,2.2179,15.7997,0.0474,4.6226,7.399,0.1372,8.8607,3.3,1.4016,0,1.0024,98.9332,0.0836,98.8496,-18558,-26870,169, , ,CR3_Bulk_Pt23,9640.44,12.5893,48,2/20/2020 15:29,Glass (on the basis of 24 O)
2 / 24 . ,0.2806,54.5299,2.1693,15.713,0.0275,4.3524,7.4831,0.1295,8.9901,3.2792,1.4288,0,0.554,98.9374,0.0462,98.8912,-18733,-26820,169, , ,CR3_Bulk_Pt24,9717.24,12.4649,49,2/20/2020 15:35,Glass (on the basis of 24 O)
2 / 25 . ,0.373,52.7985,2.0403,13.7957,0,6.2358,8.9866,0.2051,9.7969,2.7361,1.1814,0.0178,0.7423,98.9095,0.0663,98.8431,-18652,-27628,169, , ,CR3_Bulk_Pt25,10287.08,12.6807,50,2/20/2020 15:40,Glass (on the basis of 24 O)
3 / 1 . ,0.1031,52.8194,1.1254,21.9234,0.0214,2.1481,9.6853,0.069,5.3306,3.5125,0.9337,0.0052,0.0524,97.7295,0.0057,97.7239,-14770,-26500,169, , ,CR6_Bulk_Pt1,7392.05,11.7989,51,2/20/2020 15:45,Glass (on the basis of 24 O)
3 / 2 . ,0.0266,52.4208,0.3351,25.4868,0.0171,1.6428,9.4342,0.0788,3.2756,3.8548,0.9078,0,0,97.4803,0,97.4803,-14540,-26500,169, , ,CR6_Bulk_Pt2,7318.66,11.453,52,2/20/2020 15:51,Glass (on the basis of 24 O)
3 / 3 . ,0.2934,52.6145,1.7453,18.8159,0.0452,3.0025,8.4704,0.1338,7.3543,3.3205,1.2539,0,0,97.0496,0,97.0496,-14389,-26319,169, , ,CR6_Bulk_Pt3,7100.78,11.9248,53,2/20/2020 15:56,Glass (on the basis of 24 O)
3 / 4 . ,0.3136,51.8228,2.3246,13.5901,0.0269,4.2305,7.1803,0.2821,13.1461,2.8539,1.424,0.0062,0.0327,97.2337,0.0043,97.2295,-14290,-26087,169, , ,CR6_Bulk_Pt4,6850.01,12.5988,54,2/20/2020 16:01,Glass (on the basis of 24 O)
3 / 5 . ,0.2607,52.3778,1.3163,20.4503,0.0133,2.822,7.905,0.1082,7.3967,3.5408,1.3561,0.0136,0.0129,97.5738,0.0045,97.5693,-14216,-26704,169, , ,CR6_Bulk_Pt5,7423.4,11.9392,55,2/20/2020 16:07,Glass (on the basis of 24 O)
3 / 6 . ,0.2972,53.8054,1.8065,18.9345,0,2.6759,8.7611,0.0667,6.5294,3.4652,0.9658,0,0.0846,97.3922,0.0071,97.3851,-14612,-26970,169, , ,CR6_Bulk_Pt6,7788.59,11.8928,56,2/20/2020 16:12,Glass (on the basis of 24 O)
3 / 7 . ,0.1742,49.0048,1.0953,22.6597,0.0327,3.3767,9.0704,0.1139,7.5725,2.9207,1.01,0,0.4189,97.4498,0.0349,97.4149,-14613,-27216,169, , ,CR6_Bulk_Pt7,8024.19,12.1018,57,2/20/2020 16:17,Glass (on the basis of 24 O)
3 / 8 . ,0.3015,51.7127,2.1511,9.3523,0.0191,8.6198,7.5252,0.3094,13.879,2.3965,0.7508,0,0.1069,97.1242,0.0089,97.1152,-15001,-27216,169, , ,CR6_Bulk_Pt8,8144.13,12.653,58,2/20/2020 16:23,Glass (on the basis of 24 O)
3 / 9 . ,0.2858,53.5406,1.8735,15.471,0.0132,4.4256,8.063,0.1334,8.9006,3.1115,1.1822,0.001,0.1598,97.1614,0.0136,97.1478,-14761,-27507,169, , ,CR6_Bulk_Pt9,8345.65,12.1441,59,2/20/2020 16:28,Glass (on the basis of 24 O)
3 / 10 . ,0.4088,54.6497,1.9282,17.4382,0.0168,3.3258,6.9086,0.0899,7.7936,3.3627,1.539,0.0178,0.1186,97.5976,0.0143,97.5833,-14622,-27515,169, , ,CR6_Bulk_Pt10,8313.54,12.0102,60,2/20/2020 16:33,Glass (on the basis of 24 O)
3 / 11 . ,0.3215,53.6825,1.2306,7.6029,0.0608,15.8174,4.9897,0.2732,12.731,1.6261,0.4825,0,0.4444,99.2629,0.0371,99.2258,-13691,-27547,169, , ,CR6_Bulk_Pt11,8135.42,12.6251,61,2/20/2020 16:39,Glass (on the basis of 24 O)
3 / 12 . ,0.133,52.9255,0.6879,22.8702,0.0143,3.4334,9.5978,0.0771,5.4712,3.3259,0.7607,0.0094,0.0428,99.3492,0.0059,99.3433,-13332,-27551,169, , ,CR6_Bulk_Pt12,8086.1,11.9412,62,2/20/2020 16:44,Glass (on the basis of 24 O)
3 / 13 . ,0.2477,53.8648,1.6871,10.5091,0.0124,7.7678,12.1992,0.237,9.2795,2.0161,0.526,0.0196,0.0685,98.4348,0.0106,98.4242,-13198,-28055,169, , ,CR6_Bulk_Pt13,8571.33,12.495,63,2/20/2020 16:49,Glass (on the basis of 24 O)
3 / 14 . ,0.403,53.5887,2.3405,14.7386,0,2.7817,7.0847,0.094,9.182,2.972,1.5429,0.0021,0.0024,94.7326,0.0007,94.7319,-12892,-28763,169, , ,CR6_Bulk_Pt14,9251.45,11.8599,64,2/20/2020 16:55,Glass (on the basis of 24 O)
3 / 15 . ,0.3669,52.5306,2.4938,13.9727,0.0202,3.7746,6.9766,0.1301,10.1431,2.749,1.4946,0,0,94.6521,0,94.6521,-13566,-28756,169, , ,CR6_Bulk_Pt15,9311.37,11.9493,65,2/20/2020 17:00,Glass (on the basis of 24 O)
3 / 16 . ,0.3765,46.8106,3.8473,12.1627,0.0466,5.3334,7.8354,0.1938,15.0293,2.4441,1.0032,0,0,95.0827,0,95.0827,-13672,-28619,169, , ,CR6_Bulk_Pt16,9190.78,12.637,66,2/20/2020 17:05,Glass (on the basis of 24 O)
3 / 17 . ,0.1634,51.1681,1.3266,21.3347,0.016,2.2603,8.6958,0.0791,6.6611,3.6101,1.0775,0.0094,0,96.4021,0.0023,96.3998,-13953,-28624,169, , ,CR6_Bulk_Pt17,9241.59,11.7409,67,2/20/2020 17:10,Glass (on the basis of 24 O)
3 / 18 . ,0.1163,52.0361,1.4337,19.6598,0.0115,2.567,8.4347,0.079,7.2952,3.602,1.3078,0.0021,0,96.5452,0.0005,96.5447,-14187,-28556,169, , ,CR6_Bulk_Pt18,9219.51,11.8378,68,2/20/2020 17:16,Glass (on the basis of 24 O)
3 / 19 . ,0.2025,51.2877,1.6131,14.3576,0.0141,5.7724,10.2791,0.188,9.3129,2.3835,0.841,0,0.2468,96.4986,0.0206,96.4781,-14377,-28332,169, , ,CR6_Bulk_Pt19,9041.9,12.2433,69,2/20/2020 17:21,Glass (on the basis of 24 O)
3 / 20 . ,0.0552,50.3533,0.8808,3.8863,0.1316,17.9578,5.2188,0.3935,15.3309,1.264,0.3419,0.0187,0,95.8328,0.0047,95.8281,-11939,-28248,169, , ,CR6_Bulk_Pt20,8725.81,12.4033,70,2/20/2020 17:26,Glass (on the basis of 24 O)
3 / 21 . ,0.3881,53.5526,1.8685,14.8464,0.0071,4.0697,9.0855,0.1441,7.3936,3.1047,1.3951,0,0,95.8554,0,95.8554,-12136,-28651,169, , ,CR6_Bulk_Pt21,9122.62,11.8536,71,2/20/2020 17:32,Glass (on the basis of 24 O)
3 / 22 . ,0.6145,49.8758,2.4184,12.6029,0.0696,7.4637,6.2177,0.2217,12.2148,2.41,0.9473,0.0145,0.0408,95.1115,0.007,95.1045,-11946,-28510,169, , ,CR6_Bulk_Pt22,8987.3,12.1773,72,2/20/2020 17:37,Glass (on the basis of 24 O)
3 / 23 . ,0.2446,52.6287,1.7703,17.3705,0.095,4.1001,8.5905,0.1156,6.8048,3.0209,0.9558,0.0104,0.3403,96.0474,0.031,96.0164,-11489,-27663,169, , ,CR6_Bulk_Pt23,8174.14,11.8599,73,2/20/2020 17:42,Glass (on the basis of 24 O)
3 / 24 . ,0.5112,54.285,2.6611,13.567,0.0387,3.4738,6.9899,0.1341,9.2528,2.9279,1.5798,0.0104,0,95.4318,0.0026,95.4292,-11672,-27607,169, , ,CR6_Bulk_Pt24,8102,11.963,74,2/20/2020 17:48,Glass (on the basis of 24 O)
3 / 25 . ,0.3954,54.1069,2.4331,15.4158,0.0009,2.7376,7.016,0.0993,8.6746,3.1234,1.6048,0,0.0097,95.6173,0.0008,95.6164,-11987,-27613,169, , ,CR6_Bulk_Pt25,8089.38,11.9042,75,2/20/2020 17:53,Glass (on the basis of 24 O)
4 / 1 . ,0.2854,49.5719,1.8332,19.7992,0.019,3.4951,8.2415,0.085,7.3122,3.3819,0.9512,0.0191,0,94.9947,0.0048,94.99,-12951,-34940,169, , ,CR1A_Bulk_Pt1,15423.41,11.6572,76,2/20/2020 17:58,Glass (on the basis of 24 O)
4 / 2 . ,0.2623,49.139,1.7314,16.6816,0.0467,6.3968,7.558,0.1442,9.1165,2.7034,0.7536,0.0096,0.0483,94.5914,0.0064,94.585,-12825,-34644,169, , ,CR1A_Bulk_Pt2,15122.84,11.7885,77,2/20/2020 18:04,Glass (on the basis of 24 O)
4 / 3 . ,0.1711,49.1549,1.191,18.7213,0.0279,5.7011,7.6765,0.1273,8.2903,2.7804,0.8372,0,0,94.679,0,94.679,-12939,-34617,169, , ,CR1A_Bulk_Pt3,15100.19,11.654,78,2/20/2020 18:09,Glass (on the basis of 24 O)
4 / 4 . ,0.3187,49.4468,2.1611,16.8077,0.0135,4.8348,7.6826,0.1449,9.5019,2.6505,0.8451,0.0042,0.1449,94.5566,0.0131,94.5435,-12907,-34399,169, , ,CR1A_Bulk_Pt4,14881.06,11.8984,79,2/20/2020 18:14,Glass (on the basis of 24 O)
4 / 5 . ,0.2066,49.6288,1.5877,17.9629,0.036,5.2537,7.5394,0.1601,8.4448,2.8357,0.8365,0,0,94.4921,0,94.4921,-12997,-34576,169, , ,CR1A_Bulk_Pt5,15061.77,11.6778,80,2/20/2020 18:20,Glass (on the basis of 24 O)
4 / 6 . ,0.1668,50.0535,0.7255,23.7111,0,1.9446,8.3824,0.0869,5.0382,3.7679,1.0583,0.0053,0.0182,94.9586,0.0028,94.9557,-13179,-34641,169, , ,CR1A_Bulk_Pt6,15136.08,11.3628,81,2/20/2020 18:25,Glass (on the basis of 24 O)
4 / 7 . ,0.077,52.8937,0.2801,24.9154,0,0.8803,9.2119,0.0279,2.1377,4.4377,0.8067,0.0032,0,95.6716,0.0008,95.6708,-14569,-34479,169, , ,CR1A_Bulk_Pt7,15119.02,11.0998,82,2/20/2020 18:30,Glass (on the basis of 24 O)
4 / 8 . ,0.0326,53.404,0.0565,26.0505,0,0.0585,9.7211,0,0.4783,4.8018,0.7961,0.0108,0.0324,95.4427,0.0054,95.4373,-14584,-34365,169, , ,CR1A_Bulk_Pt8,15008.58,10.9209,83,2/20/2020 18:36,Glass (on the basis of 24 O)
4 / 9 . ,0.002,52.6801,0.0027,26.5394,0.0037,0.5161,9.5076,0.0159,1.4722,4.6165,0.7744,0.0119,0.0582,96.2007,0.0078,96.1929,-14795,-34137,169, , ,CR1A_Bulk_Pt9,14817.21,11.1066,84,2/20/2020 18:41,Glass (on the basis of 24 O)
4 / 10 . ,0.022,53.5709,0.192,25.364,0,0.3088,8.9965,0.0272,1.1912,4.6469,0.8946,0.0226,0,95.2366,0.0056,95.231,-14555,-34137,169, , ,CR1A_Bulk_Pt10,14778.82,10.9252,85,2/20/2020 18:46,Glass (on the basis of 24 O)
4 / 11 . ,0.0266,53.0558,0.1233,24.6592,0.0009,0.8155,8.7519,0.0143,2.0877,4.3275,1.0054,0,0.0582,94.9263,0.0049,94.9215,-14477,-34137,169, , ,CR1A_Bulk_Pt11,14767.16,11.0173,86,2/20/2020 18:52,Glass (on the basis of 24 O)
4 / 12 . ,0.0748,45.0234,0.273,30.289,0.0147,1.0538,12.2621,0.0421,2.6528,3.1393,0.4916,0.0085,0.1027,95.4277,0.0107,95.417,-14611,-34024,169, , ,CR1A_Bulk_Pt12,14675.83,11.3294,87,2/20/2020 18:57,Glass (on the basis of 24 O)
4 / 13 . ,0.3873,49.335,1.8831,18.102,0.027,4.2977,8.3979,0.1162,8.2006,3.1167,0.7722,0.0371,0.172,94.8448,0.0236,94.8212,-14299,-34215,169, , ,CR1A_Bulk_Pt13,14819.36,11.811,88,2/20/2020 19:02,Glass (on the basis of 24 O)
4 / 14 . ,0.4,50.5894,2.0039,18.5183,0.0117,4.0475,7.9335,0.1346,8.7121,3.2015,0.8972,0,0.1655,96.6151,0.0138,96.6013,-14189,-34330,175, , ,CR1A_Bulk_Pt14,14919.06,12.0437,89,2/20/2020 19:07,Glass (on the basis of 24 O)
4 / 15 . ,0.3492,50.4131,1.7091,14.0901,0.06,8.4135,7.8166,0.1515,10.0344,2.5633,0.7179,0.0148,0.3085,96.6421,0.0294,96.6127,-14499,-33752,175, , ,CR1A_Bulk_Pt15,14389.79,12.2047,90,2/20/2020 19:13,Glass (on the basis of 24 O)
4 / 16 . ,0.3757,50.1232,1.9131,14.1684,0.084,8.6738,7.445,0.1327,10.212,2.5051,0.6439,0,0.3549,96.6319,0.0296,96.6023,-14503,-33566,175, , ,CR1A_Bulk_Pt16,14206.6,12.2213,91,2/20/2020 19:18,Glass (on the basis of 24 O)
4 / 17 . ,0.3532,49.4116,1.9277,18.5826,0.0377,3.9784,7.7005,0.1159,9.2962,3.1682,0.9539,0.017,0.0646,95.6075,0.0096,95.5979,-12000,-34332,175, , ,CR1A_Bulk_Pt17,14805.21,11.9561,92,2/20/2020 19:23,Glass (on the basis of 24 O)
4 / 18 . ,0.3832,48.2822,2.2846,18.0767,0.009,4.1632,7.9531,0.118,9.8908,3.0548,0.8067,0.018,0,95.0403,0.0045,95.0358,-12096,-34268,175, , ,CR1A_Bulk_Pt18,14739.53,11.9624,93,2/20/2020 19:29,Glass (on the basis of 24 O)
4 / 19 . ,0.3541,49.1312,2.0637,16.7446,0.0501,5.2843,8.0531,0.1298,10.0287,2.7672,0.769,0.0021,0.262,95.6399,0.0224,95.6175,-12096,-34148,175, , ,CR1A_Bulk_Pt19,14619.54,12.1212,94,2/20/2020 19:34,Glass (on the basis of 24 O)
4 / 20 . ,0.3184,48.9015,1.8982,16.8571,0.0116,5.7965,7.4693,0.1521,10.0229,2.7238,0.7712,0.0053,0.2208,95.1487,0.0197,95.129,-12027,-33976,175, , ,CR1A_Bulk_Pt20,14448.74,12.0091,95,2/20/2020 19:39,Glass (on the basis of 24 O)
4 / 21 . ,0.3428,49.0599,2.1251,16.6224,0.0089,5.5683,7.6107,0.1632,10.1276,2.8059,0.7478,0,0.3342,95.5167,0.0279,95.4889,-12088,-33947,175, , ,CR1A_Bulk_Pt21,14418.68,12.1156,96,2/20/2020 19:45,Glass (on the basis of 24 O)
4 / 22 . ,0.3768,49.974,2.0548,16.0165,0.0331,5.6817,7.5036,0.1433,9.9955,2.7977,0.842,0,0.0737,95.4926,0.0061,95.4864,-12052,-33623,175, , ,CR1A_Bulk_Pt22,14095.33,12.0112,97,2/20/2020 19:50,Glass (on the basis of 24 O)
4 / 23 . ,0.3763,49.5237,1.4707,18.7521,0.0676,5.4439,7.249,0.1506,8.136,3.0441,0.8634,0,0.0568,95.1341,0.0047,95.1294,-12085,-33371,175, , ,CR1A_Bulk_Pt23,13842.8,11.7136,98,2/20/2020 19:55,Glass (on the basis of 24 O)
4 / 24 . ,0.4141,48.5278,2.1769,16.6745,0.0599,5.011,7.5591,0.1386,10.2545,2.8878,0.8692,0,0.1355,94.7089,0.0113,94.6976,-12479,-33311,175, , ,CR1A_Bulk_Pt24,13782.07,11.9916,99,2/20/2020 20:00,Glass (on the basis of 24 O)
4 / 25 . ,0.26,48.7295,1.7357,17.4683,0.0233,4.9927,8.0463,0.139,9.157,2.8738,0.767,0,0.1637,94.3564,0.0137,94.3428,-12345,-33901,175, , ,CR1A_Bulk_Pt25,14371.05,11.8321,100,2/20/2020 20:06,Glass (on the basis of 24 O)
5 / 1 . ,0.3446,52.125,2.2326,16.3889,0.0035,4.2673,8.2977,0.1297,8.7202,3.2399,1.2716,0,0.0569,97.078,0.0047,97.0732,-6337,-27397,175, , ,CR7_Bulk_Pt1,9876.37,12.1194,101,2/20/2020 20:11,Glass (on the basis of 24 O)
5 / 2 . ,0.3048,52.6541,1.6785,16.8379,0.008,4.3004,8.0425,0.1402,7.7442,3.1006,1.2195,0,0.2629,96.2936,0.0219,96.2717,-6321,-27089,175, , ,CR7_Bulk_Pt2,9642.76,11.9402,102,2/20/2020 20:17,Glass (on the basis of 24 O)
5 / 3 . ,0.3313,50.8847,1.8091,15.5183,0.0396,5.2946,7.8702,0.1651,9.0517,3.0472,1.1341,0,1.0465,96.1924,0.0873,96.1051,-6475,-26939,175, , ,CR7_Bulk_Pt3,9429.6,12.3168,103,2/20/2020 20:22,Glass (on the basis of 24 O)
5 / 4 . ,0.3244,51.3158,2.0233,14.9949,0.0132,5.1988,7.8121,0.1324,9.2847,2.9233,1.085,0.0124,1.0262,96.1465,0.0887,96.0578,-6785,-26847,175, , ,CR7_Bulk_Pt4,9167.45,12.3348,104,2/20/2020 20:27,Glass (on the basis of 24 O)
5 / 5 . ,0.2928,52.1235,1.8132,15.5027,0.059,5.0231,7.6872,0.1231,8.6722,3.1274,1.2739,0,0.695,96.3931,0.058,96.3352,-6730,-26686,175, , ,CR7_Bulk_Pt5,9073.18,12.1832,105,2/20/2020 20:33,Glass (on the basis of 24 O)
5 / 6 . ,0.2918,51.2007,1.7816,17.3265,0.0599,3.8941,7.8195,0.1303,8.623,3.1633,1.2222,0.0093,0.8297,96.3521,0.0715,96.2806,-7281,-26468,175, , ,CR7_Bulk_Pt6,8567.77,12.2207,106,2/20/2020 20:38,Glass (on the basis of 24 O)
5 / 7 . ,0.3892,52.0365,1.9646,15.3921,0.0475,4.3463,7.5276,0.1368,8.7692,3.1138,1.2643,0.0259,1.3393,96.353,0.1181,96.2348,-7456,-26314,175, , ,CR7_Bulk_Pt7,8340.55,12.3945,107,2/20/2020 20:43,Glass (on the basis of 24 O)
5 / 8 . ,0.3447,51.9349,2.011,15.1686,0.0493,4.8232,7.628,0.1172,9.1597,3.1288,1.1804,0,0.8712,96.4168,0.0726,96.3442,-7537,-26175,175, , ,CR7_Bulk_Pt8,8180.38,12.2947,108,2/20/2020 20:49,Glass (on the basis of 24 O)
5 / 9 . ,0.2923,51.3808,1.7805,16.6095,0.0309,4.8172,7.9017,0.1269,8.0475,2.981,1.1907,0,0.7001,95.859,0.0584,95.8006,-7772,-26625,175, , ,CR7_Bulk_Pt9,8421.07,12.0588,109,2/20/2020 20:54,Glass (on the basis of 24 O)
5 / 10 . ,0.343,50.7977,1.9671,14.5596,0.0351,5.3721,7.6051,0.151,9.9907,2.8295,1.1667,0,0.9863,95.804,0.0822,95.7218,-8440,-27151,175, , ,CR7_Bulk_Pt10,8546.42,12.3579,110,2/20/2020 20:59,Glass (on the basis of 24 O)
5 / 11 . ,0.326,52.6495,1.7999,14.1799,0.0079,6.1938,6.7105,0.1673,9.8857,2.7645,1.2256,0,0.4969,96.4074,0.0414,96.366,-8263,-27015,175, , ,CR7_Bulk_Pt11,8508.08,12.1983,111,2/20/2020 21:04,Glass (on the basis of 24 O)
5 / 12 . ,0.3537,53.4855,1.6547,13.8659,0.0114,6.1453,6.2917,0.1798,9.6128,2.8199,1.3726,0.0094,0.4681,96.271,0.0414,96.2296,-8234,-26903,175, , ,CR7_Bulk_Pt12,8423.7,12.1241,112,2/20/2020 21:10,Glass (on the basis of 24 O)
5 / 13 . ,0.3073,51.6938,1.8072,12.9481,0.0341,7.6987,6.6017,0.1901,11.1135,2.5238,1.0568,0.0052,0.6432,96.6236,0.0549,96.5687,-8156,-26714,175, , ,CR7_Bulk_Pt13,8297.54,12.3907,113,2/20/2020 21:15,Glass (on the basis of 24 O)
5 / 14 . ,0.2444,49.4356,1.8015,10.795,0.0086,10.0715,6.3832,0.2283,13.7614,2.0048,0.7724,0,0.6847,96.1913,0.0571,96.1342,-8171,-26425,175, , ,CR7_Bulk_Pt14,8040.89,12.62,114,2/20/2020 21:20,Glass (on the basis of 24 O)
5 / 15 . ,0.2528,50.2633,1.7669,11.6078,0.0139,9.6373,6.2231,0.209,12.8052,2.2676,0.7947,0,1.1588,97.0003,0.0966,96.9037,-8064,-26330,175, , ,CR7_Bulk_Pt15,8015.72,12.732,115,2/20/2020 21:26,Glass (on the basis of 24 O)
5 / 16 . ,0.2936,50.7103,1.7734,11.7179,0.0278,9.1824,6.5725,0.2115,12.531,2.1276,0.8584,0.0114,0.6033,96.621,0.0532,96.5679,-8252,-26330,175, , ,CR7_Bulk_Pt16,7917.78,12.5209,116,2/20/2020 21:31,Glass (on the basis of 24 O)
5 / 17 . ,0.3317,51.028,1.7008,14.3833,0.0631,6.4258,7.0612,0.1723,10.1313,2.6873,1.1246,0,0.727,95.8364,0.0606,95.7758,-8605,-26642,175, , ,CR7_Bulk_Pt17,8018.29,12.2476,117,2/20/2020 21:36,Glass (on the basis of 24 O)
5 / 18 . ,0.3306,51.2282,1.6254,15.2881,0.0483,6.2671,7.3826,0.1588,9.6701,2.8356,1.155,0.0031,0.3469,96.3399,0.0297,96.3102,-8654,-26877,175, , ,CR7_Bulk_Pt18,8205.5,12.1453,118,2/20/2020 21:42,Glass (on the basis of 24 O)
5 / 19 . ,0.3092,52.4064,1.6913,14.5688,0.0185,5.849,6.8664,0.1681,9.17,2.9537,1.1764,0.001,0.7488,95.9275,0.0627,95.8648,-8742,-26737,175, , ,CR7_Bulk_Pt19,8040.98,12.1459,119,2/20/2020 21:47,Glass (on the basis of 24 O)
5 / 20 . ,0.5466,50.6002,1.8765,14.443,0.0527,6.6596,8.7976,0.1958,10.1344,2.729,0.8921,0.0031,0.0192,96.9498,0.0024,96.9474,-9032,-26834,175, , ,CR7_Bulk_Pt20,8005.05,12.2451,120,2/20/2020 21:52,Glass (on the basis of 24 O)
5 / 21 . ,0.2258,53.6872,1.9888,14.5084,0.0308,5.3989,6.5706,0.137,9.2663,2.7607,1.3248,0,0.5627,96.4619,0.0469,96.415,-9229,-26278,175, , ,CR7_Bulk_Pt21,7417.27,12.1639,121,2/20/2020 21:58,Glass (on the basis of 24 O)
5 / 22 . ,0.2457,54.6663,1.7403,14.5769,0.0238,4.9482,6.425,0.1364,8.6606,2.9909,1.4016,0,0.5357,96.3513,0.0447,96.3067,-9304,-26484,175, , ,CR7_Bulk_Pt22,7575.11,12.0599,122,2/20/2020 22:03,Glass (on the basis of 24 O)
5 / 23 . ,0.3593,53.7892,1.9287,15.9567,0,3.7956,7.1096,0.1117,8.1653,3.3149,1.3794,0.0063,0.6555,96.5721,0.0562,96.5159,-9327,-26595,175, , ,CR7_Bulk_Pt23,7668.17,12.11,123,2/20/2020 22:08,Glass (on the basis of 24 O)
5 / 24 . ,0.3386,50.9563,2.0866,14.8748,0.0273,5.2949,8.3859,0.1651,9.2569,2.8819,1.0717,0,0.9201,96.2601,0.0767,96.1834,-9413,-27177,175, , ,CR7_Bulk_Pt24,8176.66,12.3497,124,2/20/2020 22:14,Glass (on the basis of 24 O)
5 / 25 . ,0.3602,51.7429,1.6391,14.9825,0.0574,5.8944,8.5898,0.1568,8.4504,2.8,0.9584,0,0.8318,96.4637,0.0694,96.3943,-9654,-27260,175, , ,CR7_Bulk_Pt25,8172.93,12.2334,125,2/20/2020 22:19,Glass (on the basis of 24 O)
6 / 1 . ,0.2579,54.6872,1.5439,19.641,0.0304,2.3706,9.2107,0.1112,6.4271,3.3943,0.997,0,0,98.6712,0,98.6712,-14764,-26492,184, , ,CR6_Bulk_26,7382.54,12.0114,126,2/21/2020 8:19,Glass (on the basis of 24 O)
6 / 2 . ,0.045,53.4033,0.2964,25.6953,0.0029,1.8645,9.7062,0.0873,3.6159,3.8169,0.9808,0.0112,0,99.5259,0.0028,99.5231,-14518,-26500,186, , ,CR6_Bulk_27,7312.02,11.7315,127,2/21/2020 8:24,Glass (on the basis of 24 O)
6 / 3 . ,0.3358,54.701,1.7743,17.9002,0.0473,3.2385,8.1795,0.1804,8.1679,3.2563,1.3041,0.01,0.0292,99.1245,0.0049,99.1195,-14389,-26298,185, , ,CR6_Bulk_28,7080.74,12.2506,128,2/21/2020 8:30,Glass (on the basis of 24 O)
6 / 4 . ,0.3343,54.0417,2.2758,14.1206,0.0448,3.961,7.0556,0.2404,11.8649,3.0638,1.6492,0.01,0,98.6619,0.0025,98.6594,-14304,-26080,184, , ,CR6_Bulk_29,6847.41,12.591,129,2/21/2020 8:35,Glass (on the basis of 24 O)
6 / 5 . ,0.3458,54.1236,1.6596,18.8016,0.0387,3.269,7.55,0.1249,8.4775,3.2954,1.4558,0,0,99.1418,0,99.1418,-14189,-26704,182, , ,CR6_Bulk_30,7416.52,12.2298,130,2/21/2020 8:40,Glass (on the basis of 24 O)
6 / 6 . ,0.354,55.0009,1.8874,18.7656,0,2.8189,8.7764,0.0791,6.7311,3.4018,1.0275,0.0279,0.1938,99.0642,0.0231,99.0411,-14612,-26983,191, , ,CR6_Bulk_31,7801.06,12.1422,131,2/21/2020 8:46,Glass (on the basis of 24 O)
6 / 7 . ,0.1123,48.8781,1.0164,24.5719,0.0435,3.2923,9.564,0.1241,7.5027,2.973,0.9268,0.0178,0.2283,99.2513,0.0235,99.2278,-14643,-27216,185, , ,CR6_Bulk_32,8032.89,12.2502,132,2/21/2020 8:51,Glass (on the basis of 24 O)
6 / 8 . ,0.385,54.1783,2.082,9.2339,0,8.48,7.3091,0.2681,13.1308,2.2749,0.8436,0.0011,0.0419,98.2287,0.0038,98.225,-15001,-27183,184, , ,CR6_Bulk_33,8113.02,12.6538,133,2/21/2020 8:56,Glass (on the basis of 24 O)
6 / 9 . ,0.3021,53.1209,1.4753,19.5994,0,3.5799,8.7565,0.115,7.1957,3.136,1.2453,0.0212,0.1583,98.7054,0.0185,98.6869,-14761,-27484,188, , ,CR6_Bulk_34,8323.7,12.1357,134,2/21/2020 9:01,Glass (on the basis of 24 O)
6 / 10 . ,0.4129,56.5224,1.8817,17.1895,0.0142,3.6035,6.8267,0.1186,7.9399,3.3046,1.497,0.0101,0.1888,99.5097,0.0182,99.4915,-14606,-27496,185, , ,CR6_Bulk_35,8290.87,12.2471,135,2/21/2020 9:07,Glass (on the basis of 24 O)
6 / 11 . ,0.1599,53.9333,1.4562,11.9786,0.089,12.3084,5.5045,0.2171,10.3671,2.085,0.7248,0.0246,0.3511,99.1994,0.0354,99.164,-13691,-27516,188, , ,CR6_Bulk_36,8104.91,12.3844,136,2/21/2020 9:12,Glass (on the basis of 24 O)
6 / 12 . ,0.2239,54.5488,1.1798,19.7077,0.0124,3.9493,9.3747,0.1379,6.405,3.1111,0.7611,0,0.0362,99.448,0.003,99.445,-13332,-27539,184, , ,CR6_Bulk_37,8074.23,12.0791,137,2/21/2020 9:17,Glass (on the basis of 24 O)
6 / 13 . ,0.3207,53.9865,1.6662,9.6166,0.0395,8.1331,12.4935,0.2376,10.0566,1.8009,0.5094,0.0154,0.0545,98.9305,0.0084,98.9222,-13180,-28055,190, , ,CR6_Bulk_38,8569.53,12.6493,138,2/21/2020 9:23,Glass (on the basis of 24 O)
6 / 14 . ,0.6663,58.9332,2.6094,13.5683,0,2.7207,6.36,0.11,9.1455,3.0696,1.9306,0.0022,0.0276,99.1432,0.0029,99.1404,-12866,-28763,194, , ,CR6_Bulk_39,9249.9,12.3418,139,2/21/2020 9:28,Glass (on the basis of 24 O)
6 / 15 . ,0.3746,53.1818,2.8682,15.115,0.0365,4.1305,7.9188,0.1553,10.8846,2.7469,1.3137,0,0.0043,98.73,0.0004,98.7297,-13584,-28756,190, , ,CR6_Bulk_40,9313.86,12.5499,140,2/21/2020 9:33,Glass (on the basis of 24 O)
6 / 16 . ,0.388,49.665,3.7276,13.2796,0.0796,5.0535,7.9954,0.1776,14.3815,2.4075,1.065,0,0,98.2203,0,98.2203,-13649,-28619,191, , ,CR6_Bulk_41,9187.44,12.923,141,2/21/2020 9:39,Glass (on the basis of 24 O)
6 / 17 . ,0.4265,57.7373,2.1398,17.2797,0,2.3212,6.9851,0.0916,7.0905,3.7024,1.5812,0,0,99.3554,0,99.3554,-13905,-28610,188, , ,CR6_Bulk_42,9219.41,12.068,142,2/21/2020 9:44,Glass (on the basis of 24 O)
6 / 18 . ,0.1058,52.5607,1.2303,22.1672,0.0028,2.6331,9.0939,0.104,7.2588,3.5734,1.2417,0.0256,0.0275,100.025,0.0087,100.0163,-14165,-28545,190, , ,CR6_Bulk_43,9204.32,12.2466,143,2/21/2020 9:49,Glass (on the basis of 24 O)
6 / 19 . ,0.2282,51.3921,1.9033,15.2243,0.0347,5.8101,10.5495,0.1555,10.4573,2.3102,0.8224,0.0188,0.1414,99.0477,0.0165,99.0313,-14346,-28313,189, , ,CR6_Bulk_44,9016.39,12.6431,144,2/21/2020 9:55,Glass (on the basis of 24 O)
6 / 20 . ,0.1832,53.1062,1.0539,6.3136,0.1371,17.3705,5.1406,0.3053,13.8205,1.4347,0.3446,0,0,99.2102,0,99.2102,-11908,-28248,191, , ,CR6_Bulk_45,8727.22,12.587,145,2/21/2020 10:00,Glass (on the basis of 24 O)
6 / 21 . ,0.2574,52.5452,1.3564,20.6062,0.0352,3.3918,10.1567,0.1356,6.3485,3.0916,1.1253,0,0,99.0498,0,99.0498,-12165,-28643,190, , ,CR6_Bulk_46,9114.17,12.0855,146,2/21/2020 10:05,Glass (on the basis of 24 O)
6 / 22 . ,0.2159,52.3085,2.0409,14.5097,0.0401,7.8982,6.5951,0.1893,12.2386,2.4261,0.8591,0.0044,0.0215,99.3474,0.0029,99.3445,-11916,-28510,192, , ,CR6_Bulk_47,8988.6,12.6146,147,2/21/2020 10:10,Glass (on the basis of 24 O)
6 / 23 . ,0.3126,54.0606,2.0453,16.9515,0.0426,4.5557,8.9241,0.1594,7.535,2.8781,1.0282,0.0056,0.6855,99.1841,0.0585,99.1256,-11467,-27638,191, , ,CR6_Bulk_48,8151.55,12.4273,148,2/21/2020 10:16,Glass (on the basis of 24 O)
6 / 24 . ,0.5468,56.6101,2.539,14.7873,0.0038,3.2926,7.1032,0.0835,9.2144,3.1007,1.6316,0.0178,0,98.9308,0.0044,98.9264,-11664,-27583,189, , ,CR6_Bulk_49,8078.75,12.3186,149,2/21/2020 10:21,Glass (on the basis of 24 O)
6 / 25 . ,0.418,56.7489,1.8732,18.2048,0.038,2.1837,6.9037,0.1174,6.98,3.6299,1.9089,0,0.0043,99.0108,0.0004,99.0105,-11983,-27591,190, , ,CR6_Bulk_50,8067.6,12.0617,150,2/21/2020 10:26,Glass (on the basis of 24 O)
7 / 1 . ,0.2126,52.4699,1.4755,21.8943,0.0462,3.2617,8.7837,0.1023,7.008,3.5133,0.9666,0.0043,0.0953,99.8337,0.009,99.8247,-12917,-34958,192, , ,CR1A_Bulk_Pt26,15440.04,12.1982,151,2/21/2020 10:32,Glass (on the basis of 24 O)
7 / 2 . ,0.3815,52.8394,2.0926,16.4142,0.0494,6.6442,7.9764,0.1532,9.8971,2.5518,0.7676,0,0,99.7673,0,99.7673,-12795,-34644,193, , ,CR1A_Bulk_Pt27,15121.88,12.4488,152,2/21/2020 10:38,Glass (on the basis of 24 O)
7 / 3 . ,0.3593,52.3356,1.8161,18.3272,0.054,5.9694,7.857,0.1482,8.7587,2.7904,0.8116,0.0032,0.0633,99.294,0.0061,99.2879,-12939,-34589,196, , ,CR1A_Bulk_Pt28,15072.25,12.2864,153,2/21/2020 10:43,Glass (on the basis of 24 O)
7 / 4 . ,0.3145,52.3364,2.4861,17.0986,0.0296,5.0842,8.0755,0.128,9.9386,2.7192,0.8324,0,0.1106,99.1539,0.0092,99.1446,-12880,-34399,193, , ,CR1A_Bulk_Pt29,14880.03,12.4687,154,2/21/2020 10:48,Glass (on the basis of 24 O)
7 / 5 . ,0.294,52.8113,1.7978,18.403,0.0396,5.792,7.8893,0.1379,8.7758,2.7462,0.8627,0.017,0,99.5667,0.0043,99.5625,-12997,-34549,194, , ,CR1A_Bulk_Pt30,15034.83,12.2871,155,2/21/2020 10:54,Glass (on the basis of 24 O)
7 / 6 . ,0.3299,52.8076,1.6646,21.4938,0.0091,3.414,8.434,0.0807,6.8723,3.4167,1.0037,0,0.0313,99.5576,0.0026,99.555,-13171,-34622,194, , ,CR1A_Bulk_Pt31,15116.69,12.1208,156,2/21/2020 10:59,Glass (on the basis of 24 O)
7 / 7 . ,0.0126,55.0033,0.2103,26.0092,0,1.0523,9.2509,0.0309,2.4231,4.3038,0.9521,0,0.0258,99.2742,0.0021,99.272,-14550,-34493,195, , ,CR1A_Bulk_Pt32,15130.07,11.5423,157,2/21/2020 11:04,Glass (on the basis of 24 O)
7 / 8 . ,0.0367,56.8363,0.0175,26.976,0.0148,0.0438,9.7674,0,0.5011,4.9558,0.7981,0,0.0275,99.975,0.0023,99.9727,-14590,-34331,192, , ,CR1A_Bulk_Pt33,14975.92,11.4083,158,2/21/2020 11:09,Glass (on the basis of 24 O)
7 / 9 . ,0.3653,54.755,1.9548,21.475,0.0586,1.9089,9.0676,0.0473,4.5741,3.9864,0.8519,0.0075,0.0496,99.102,0.006,99.096,-14813,-34164,192, , ,CR1A_Bulk_Pt34,14846.88,11.8676,159,2/21/2020 11:15,Glass (on the basis of 24 O)
7 / 10 . ,0.0247,55.4911,0.1075,26.8692,0.024,0.5825,9.3758,0.0234,1.3971,4.5163,0.8541,0,0,99.2656,0,99.2656,-14545,-34108,195, , ,CR1A_Bulk_Pt35,14748.67,11.4093,160,2/21/2020 11:20,Glass (on the basis of 24 O)
7 / 11 . ,0.0107,56.4747,0.1718,25.5192,0.0222,0.7701,8.9897,0,2.0307,4.4147,1.0859,0.0108,0.0058,99.5062,0.0032,99.503,-14462,-34157,191, , ,CR1A_Bulk_Pt36,14784.78,11.5097,161,2/21/2020 11:25,Glass (on the basis of 24 O)
7 / 12 . ,0.0531,54.9866,0.1752,25.7527,0.0156,1.2558,9.2642,0.0339,3.036,3.999,0.9217,0.0151,0.068,99.5768,0.0094,99.5674,-14607,-33996,189, , ,CR1A_Bulk_Pt37,14647.57,11.6594,162,2/21/2020 11:31,Glass (on the basis of 24 O)
7 / 13 . ,0.3905,52.1852,1.942,19.1422,0.0153,4.4626,8.2336,0.1364,8.055,3.1251,0.8583,0.0011,0.1552,98.7027,0.0132,98.6895,-14299,-34184,194, , ,CR1A_Bulk_Pt38,14788.67,12.2025,163,2/21/2020 11:36,Glass (on the basis of 24 O)
7 / 14 . ,0.4638,52.045,1.8572,19.2269,0.037,4.2478,8.3194,0.1252,8.3808,3.0952,0.9133,0.0043,0.0649,98.7808,0.0065,98.7743,-14186,-34308,192, , ,CR1A_Bulk_Pt39,14896.88,12.2247,164,2/21/2020 11:41,Glass (on the basis of 24 O)
7 / 15 . ,0.3161,51.7623,1.4921,17.9152,0.0423,7.1643,8.0395,0.1118,8.864,2.9787,0.8337,0.0064,0.1438,99.6703,0.0136,99.6567,-14474,-33753,192, , ,CR1A_Bulk_Pt40,14387.01,12.348,165,2/21/2020 11:47,Glass (on the basis of 24 O)
7 / 16 . ,0.3567,52.0662,1.9264,14.3815,0.0886,8.9008,7.463,0.1485,10.5079,2.4659,0.726,0.0042,0.321,99.3566,0.0278,99.3288,-14503,-33588,193, , ,CR1A_Bulk_Pt41,14228.36,12.5468,166,2/21/2020 11:52,Glass (on the basis of 24 O)
7 / 17 . ,0.4257,50.8585,2.5759,17.4128,0.0313,5.0161,8.0943,0.1261,10.8537,2.7962,0.8083,0.0011,0.1747,99.1745,0.0148,99.1597,-11976,-34332,196, , ,CR1A_Bulk_Pt42,14805.76,12.5996,167,2/21/2020 11:57,Glass (on the basis of 24 O)
7 / 18 . ,0.4821,50.5217,2.4206,18.913,0.0296,4.1508,8.0439,0.1144,9.8787,2.974,0.8561,0.0201,0.0728,98.4778,0.0111,98.4667,-12130,-34252,192, , ,CR1A_Bulk_Pt43,14723.11,12.3747,168,2/21/2020 12:03,Glass (on the basis of 24 O)
7 / 19 . ,0.3227,51.2067,2.2706,17.3284,0.0349,5.4222,7.9977,0.1633,10.3027,2.7873,0.798,0.0064,0.2624,98.9031,0.0235,98.8797,-12096,-34122,196, , ,CR1A_Bulk_Pt44,14593.58,12.5155,169,2/21/2020 12:08,Glass (on the basis of 24 O)
7 / 20 . ,0.355,51.5453,2.059,17.4013,0.017,5.843,7.5747,0.1796,10.4493,2.7296,0.8979,0.0223,0.3943,99.4684,0.0384,99.43,-12024,-33933,195, , ,CR1A_Bulk_Pt45,14405.84,12.6039,170,2/21/2020 12:13,Glass (on the basis of 24 O)
7 / 21 . ,0.3451,51.1982,2.1788,17.0094,0.0206,5.5194,7.9714,0.1604,10.5185,2.7794,0.8191,0.0127,0.3149,98.8479,0.0294,98.8184,-12086,-33913,197, , ,CR1A_Bulk_Pt46,14384.76,12.5438,171,2/21/2020 12:18,Glass (on the basis of 24 O)
7 / 22 . ,0.3952,52.4763,2.1876,17.1686,0.0583,5.2312,7.4866,0.1524,9.889,2.9485,0.9453,0.0021,0.1181,99.0593,0.0104,99.0489,-12052,-33597,196, , ,CR1A_Bulk_Pt47,14069.37,12.4171,172,2/21/2020 12:24,Glass (on the basis of 24 O)
7 / 23 . ,0.5037,52.6269,1.5379,19.6573,0,5.073,7.6521,0.1276,8.06,3.0576,0.9247,0.0149,0.0379,99.2735,0.0069,99.2666,-12129,-33371,196, , ,CR1A_Bulk_Pt48,13842.2,12.1713,173,2/21/2020 12:29,Glass (on the basis of 24 O)
7 / 24 . ,0.4584,50.7534,2.6348,16.208,0.0062,5.6368,8.1429,0.1644,11.8401,2.4628,0.8293,0.0053,0.0318,99.1741,0.004,99.1702,-12479,-33279,199, , ,CR1A_Bulk_Pt49,13750.11,12.6764,174,2/21/2020 12:34,Glass (on the basis of 24 O)
7 / 25 . ,0.3488,51.4733,2.0722,17.6705,0.0323,5.4297,8.388,0.1436,9.6206,2.7733,0.7878,0,0.2678,99.0078,0.0223,98.9855,-12320,-33912,198, , ,CR1A_Bulk_Pt50,14382.05,12.4586,175,2/21/2020 12:40,Glass (on the basis of 24 O)
8 / 1 . ,0.3582,53.3073,2.0959,16.8396,0.0045,4.5238,8.1938,0.1392,8.7664,3.1916,1.196,0,0.2147,98.831,0.0179,98.8131,-6308,-27414,193, , ,CR7_Bulk_Pt26,9907.49,12.3434,176,2/21/2020 12:45,Glass (on the basis of 24 O)
8 / 2 . ,0.2576,52.9009,1.2279,19.721,0.0145,4.2479,8.8535,0.1515,7.3547,3.3037,1.2118,0.0192,0.1511,99.4152,0.0174,99.3978,-6290,-27089,191, , ,CR7_Bulk_Pt27,9662.07,12.2191,177,2/21/2020 12:51,Glass (on the basis of 24 O)
8 / 3 . ,0.3189,52.3972,2.0049,15.7913,0.0458,5.3609,7.9882,0.1575,9.4535,2.9942,1.1233,0.0106,1.0542,98.7004,0.0905,98.6098,-6504,-26939,192, , ,CR7_Bulk_Pt28,9411.73,12.6527,178,2/21/2020 12:56,Glass (on the basis of 24 O)
8 / 4 . ,0.3348,52.8193,1.9773,15.3237,0.0126,5.2298,7.8828,0.1873,9.2887,2.7979,1.1573,0.0201,1.0762,98.1078,0.0948,98.013,-6785,-26826,193, , ,CR7_Bulk_Pt29,9150.74,12.575,179,2/21/2020 13:01,Glass (on the basis of 24 O)
8 / 5 . ,0.3119,53.8852,1.8375,15.4413,0.0378,5.2088,7.9091,0.1316,8.9975,2.9176,1.2695,0,0.7855,98.7334,0.0655,98.6679,-6705,-26686,191, , ,CR7_Bulk_Pt30,9088.61,12.5144,180,2/21/2020 13:07,Glass (on the basis of 24 O)
8 / 6 . ,0.333,52.8016,1.8447,17.664,0.0315,4.0332,7.6976,0.1562,8.8401,3.2915,1.204,0.0265,0.8786,98.8026,0.0799,98.7227,-7251,-26468,189, , ,CR7_Bulk_Pt31,8585.44,12.5199,181,2/21/2020 13:12,Glass (on the basis of 24 O)
8 / 7 . ,0.3789,53.4055,1.9603,15.9204,0.0225,4.3676,7.7009,0.1107,9.0093,3.0174,1.3035,0.0021,1.2565,98.4557,0.1053,98.3504,-7456,-26314,190, , ,CR7_Bulk_Pt32,8340.58,12.6286,182,2/21/2020 13:17,Glass (on the basis of 24 O)
8 / 8 . ,0.4249,53.9314,1.9733,15.5645,0.0315,4.783,7.7411,0.1419,9.0519,3.0998,1.2988,0.0042,0.9648,99.0113,0.0815,98.9298,-7570,-26175,191, , ,CR7_Bulk_Pt33,8161.22,12.6078,183,2/21/2020 13:23,Glass (on the basis of 24 O)
8 / 9 . ,0.3769,54.2907,1.9196,16.3497,0.0018,4.4677,7.8406,0.1391,8.1729,3.1732,1.334,0.0095,1.0496,99.1253,0.0899,99.0354,-7801,-26625,191, , ,CR7_Bulk_Pt34,8405.53,12.5502,184,2/21/2020 13:28,Glass (on the basis of 24 O)
8 / 10 . ,0.3526,54.0235,1.9969,16.1194,0.0117,4.3583,7.3438,0.148,8.7952,2.9653,1.4245,0.0042,0.8565,98.4001,0.0725,98.3276,-8440,-27125,193, , ,CR7_Bulk_Pt35,8523.29,12.466,185,2/21/2020 13:33,Glass (on the basis of 24 O)
8 / 11 . ,0.3741,54.4149,1.8979,14.6361,0.0099,6.1052,6.8426,0.2058,9.8531,2.6528,1.2949,0.0042,0.5927,98.8843,0.0505,98.8338,-8263,-27056,195, , ,CR7_Bulk_Pt36,8544.23,12.5149,186,2/21/2020 13:39,Glass (on the basis of 24 O)
8 / 12 . ,0.3148,54.3928,1.8482,14.2904,0.0314,6.4548,6.4466,0.1901,9.9998,2.781,1.3936,0.0202,0.5905,98.7541,0.0543,98.6998,-8234,-26876,195, , ,CR7_Bulk_Pt37,8400.14,12.4964,187,2/21/2020 13:44,Glass (on the basis of 24 O)
8 / 13 . ,0.3221,53.6818,1.8202,13.5012,0.0098,7.7762,6.5086,0.2105,10.9651,2.6382,1.1828,0.0032,0.5798,99.1996,0.0491,99.1505,-8134,-26686,194, , ,CR7_Bulk_Pt38,8284.42,12.6343,188,2/21/2020 13:49,Glass (on the basis of 24 O)
8 / 14 . ,0.2777,50.8842,1.7987,11.1402,0.053,10.4747,6.4843,0.2782,13.9994,2.0997,0.7827,0.0074,0.79,99.0703,0.0677,99.0026,-8145,-26416,192, , ,CR7_Bulk_Pt39,8046.64,13.0043,189,2/21/2020 13:55,Glass (on the basis of 24 O)
8 / 15 . ,0.2834,51.4267,1.8861,11.8778,0.0443,9.7619,6.2831,0.2451,12.8087,2.1824,0.9031,0.0211,1.1673,98.8912,0.1026,98.7885,-8064,-26303,191, , ,CR7_Bulk_Pt40,7992.87,12.9681,190,2/21/2020 14:00,Glass (on the basis of 24 O)
8 / 16 . ,0.2902,51.641,1.8135,11.9444,0.039,9.548,6.6116,0.215,13.0691,2.1647,0.8703,0.0085,0.8378,99.0531,0.072,98.9812,-8248,-26296,192, , ,CR7_Bulk_Pt41,7890.71,12.9214,191,2/21/2020 14:05,Glass (on the basis of 24 O)
8 / 17 . ,0.3763,52.4103,1.9504,14.779,0.0295,6.7351,7.6034,0.1669,10.6856,2.795,1.133,0.0116,0.829,99.505,0.072,99.433,-8630,-26638,191, , ,CR7_Bulk_Pt42,8003.26,12.7798,192,2/21/2020 14:10,Glass (on the basis of 24 O)
8 / 18 . ,0.414,52.5133,1.7984,15.1102,0.0502,6.5706,7.5807,0.1597,10.238,2.8013,1.1291,0.0042,0.5019,98.8716,0.0429,98.8287,-8657,-26906,193, , ,CR7_Bulk_Pt43,8230.2,12.55,193,2/21/2020 14:16,Glass (on the basis of 24 O)
8 / 19 . ,0.3594,53.903,1.8096,15.6543,0.0332,5.7516,7.2485,0.1435,9.0928,2.9792,1.2883,0.0074,0.77,99.0408,0.0661,98.9747,-8792,-26737,190, , ,CR7_Bulk_Pt44,8018.97,12.5136,194,2/21/2020 14:21,Glass (on the basis of 24 O)
8 / 20 . ,0.6044,52.4131,1.9595,15.8277,0.0036,6.0076,8.4321,0.1667,9.6599,2.967,1.1191,0.0032,0,99.1638,0.0008,99.163,-9004,-26846,191, , ,CR7_Bulk_Pt45,8027.52,12.3867,195,2/21/2020 14:26,Glass (on the basis of 24 O)
8 / 21 . ,0.2737,55.014,1.9408,14.0535,0.0036,5.9799,6.8804,0.1345,9.8999,2.7156,1.2941,0,0.4856,98.6756,0.0405,98.6351,-9188,-26278,190, , ,CR7_Bulk_Pt46,7434.43,12.4583,196,2/21/2020 14:32,Glass (on the basis of 24 O)
8 / 22 . ,0.2806,55.4772,1.9629,14.9983,0.0279,4.8032,6.945,0.1594,8.9825,2.9665,1.4063,0.0053,0.5537,98.5688,0.0475,98.5213,-9274,-26484,193, , ,CR7_Bulk_Pt47,7587.11,12.387,197,2/21/2020 14:37,Glass (on the basis of 24 O)
8 / 23 . ,0.3833,54.3918,2.2148,16.1725,0,3.3855,7.3701,0.1384,8.709,3.1825,1.4488,0,0.9321,98.3289,0.0777,98.2512,-9371,-26595,193, , ,CR7_Bulk_Pt48,7651.22,12.4841,198,2/21/2020 14:42,Glass (on the basis of 24 O)
8 / 24 . ,0.3887,52.6589,2.1117,15.9114,0.0405,5.0313,8.2841,0.1688,8.9493,2.9742,1.1811,0,0.8611,98.561,0.0718,98.4892,-9381,-27184,190, , ,CR7_Bulk_Pt49,8194.62,12.5478,199,2/21/2020 14:48,Glass (on the basis of 24 O)
8 / 25 . ,0.3436,53.6885,1.7414,15.2819,0.0622,6.0679,8.3621,0.1474,8.5918,2.7908,1.0553,0.0032,0.6144,98.7505,0.052,98.6985,-9625,-27291,191, , ,CR7_Bulk_Pt50,8211.73,12.4263,200,2/21/2020 14:53,Glass (on the basis of 24 O)
,,,,,,,,,,,,,,,,,,,,,,,,,,,
,,,,,,,,,,,,,,,,,,,,,,,,,,,
,,,,,,,,,,,,,,,,,,,,,,,,,,,
,,,,,,,,,,,,,,,,,,,,,,,,,,,
,,,,,,,,,,,,,,,,,,,,,,,,,,,
,,,,,,,,,,,,,,,,,,,,,,,,,,,
,,,,,,,,,,,,,,,,,,,,,,,,,,,
,,,,,,,,,,,,,,,,,,,,,,,,,,,
,,,,,,,,,,,,,,,,,,,,,,,,,,,
,,,,,,,,,,,,,,,,,,,,,,,,,,,
,,,,,,,,,,,,,,,,,,,,,,,,,,,
,,,,,,,,,,,,,,,,,,,,,,,,,,,
,,,,,,,,,,,,,,,,,,,,,,,,,,,
,,,,,,,,,,,,,,,,,,,,,,,,,,,
,,,,,,,,,,,,,,,,,,,,,,,,,,,
,,,,,,,,,,,,,,,,,,,,,,,,,,,
,,,,,,,,,,,,,,,,,,,,,,,,,,,
,,,,,,,,,,,,,,,,,,,,,,,,,,,
,,,,,,,,,,,,,,,,,,,,,,,,,,,
,,,,,,,,,,,,,,,,,,,,,,,,,,,
,,,,,,,,,,,,,,,,,,,,,,,,,,,
,,,,,,,,,,,,,,,,,,,,,,,,,,,
,,,,,,,,,,,,,,,,,,,,,,,,,,,
,,,,,,,,,,,,,,,,,,,,,,,,,,,
,,,,,,,,,,,,,,,,,,,,,,,,,,,
,,,,,,,,,,,,,,,,,,,,,,,,,,,
,,,,,,,,,,,,,,,,,,,,,,,,,,,
,,,,,,,,,,,,,,,,,,,,,,,,,,,
,,,,,,,,,,,,,,,,,,,,,,,,,,,
,,,,,,,,,,,,,,,,,,,,,,,,,,,
,,,,,,,,,,,,,,,,,,,,,,,,,,,
,,,,,,,,,,,,,,,,,,,,,,,,,,,
,,,,,,,,,,,,,,,,,,,,,,,,,,,
,,,,,,,,,,,,,,,,,,,,,,,,,,,
,,,,,,,,,,,,,,,,,,,,,,,,,,,
,,,,,,,,,,,,,,,,,,,,,,,,,,,
,,,,,,,,,,,,,,,,,,,,,,,,,,,
,,,,,,,,,,,,,,,,,,,,,,,,,,,
,,,,,,,,,,,,,,,,,,,,,,,,,,,
,,,,,,,,,,,,,,,,,,,,,,,,,,,
,,,,,,,,,,,,,,,,,,,,,,,,,,,
,,,,,,,,,,,,,,,,,,,,,,,,,,,
,,,,,,,,,,,,,,,,,,,,,,,,,,,
,,,,,,,,,,,,,,,,,,,,,,,,,,,
,,,,,,,,,,,,,,,,,,,,,,,,,,,
,,,,,,,,,,,,,,,,,,,,,,,,,,,
,,,,,,,,,,,,,,,,,,,,,,,,,,,
,,,,,,,,,,,,,,,,,,,,,,,,,,,
,,,,,,,,,,,,,,,,,,,,,,,,,,,
,,,,,,,,,,,,,,,,,,,,,,,,,,,
,,,,,,,,,,,,,,,,,,,,,,,,,,,
,,,,,,,,,,,,,,,,,,,,,,,,,,,
,,,,,,,,,,,,,,,,,,,,,,,,,,,
,,,,,,,,,,,,,,,,,,,,,,,,,,,
,,,,,,,,,,,,,,,,,,,,,,,,,,,
,,,,,,,,,,,,,,,,,,,,,,,,,,,
,,,,,,,,,,,,,,,,,,,,,,,,,,,
,,,,,,,,,,,,,,,,,,,,,,,,,,,
,,,,,,,,,,,,,,,,,,,,,,,,,,,
,,,,,,,,,,,,,,,,,,,,,,,,,,,
,,,,,,,,,,,,,,,,,,,,,,,,,,,
,,,,,,,,,,,,,,,,,,,,,,,,,,,
,,,,,,,,,,,,,,,,,,,,,,,,,,,
,,,,,,,,,,,,,,,,,,,,,,,,,,,
,,,,,,,,,,,,,,,,,,,,,,,,,,,
,,,,,,,,,,,,,,,,,,,,,,,,,,,
,,,,,,,,,,,,,,,,,,,,,,,,,,,
,,,,,,,,,,,,,,,,,,,,,,,,,,,
,,,,,,,,,,,,,,,,,,,,,,,,,,,
,,,,,,,,,,,,,,,,,,,,,,,,,,,
,,,,,,,,,,,,,,,,,,,,,,,,,,,
,,,,,,,,,,,,,,,,,,,,,,,,,,,
,,,,,,,,,,,,,,,,,,,,,,,,,,,
,,,,,,,,,,,,,,,,,,,,,,,,,,,
,,,,,,,,,,,,,,,,,,,,,,,,,,,
,,,,,,,,,,,,,,,,,,,,,,,,,,,
,,,,,,,,,,,,,,,,,,,,,,,,,,,
,,,,,,,,,,,,,,,,,,,,,,,,,,,
,,,,,,,,,,,,,,,,,,,,,,,,,,,
,,,,,,,,,,,,,,,,,,,,,,,,,,,
,,,,,,,,,,,,,,,,,,,,,,,,,,,
,,,,,,,,,,,,,,,,,,,,,,,,,,,
,,,,,,,,,,,,,,,,,,,,,,,,,,,
,,,,,,,,,,,,,,,,,,,,,,,,,,,
,,,,,,,,,,,,,,,,,,,,,,,,,,,
,,,,,,,,,,,,,,,,,,,,,,,,,,,
,,,,,,,,,,,,,,,,,,,,,,,,,,,
,,,,,,,,,,,,,,,,,,,,,,,,,,,
,,,,,,,,,,,,,,,,,,,,,,,,,,,
,,,,,,,,,,,,,,,,,,,,,,,,,,,
,,,,,,,,,,,,,,,,,,,,,,,,,,,
,,,,,,,,,,,,,,,,,,,,,,,,,,,
,,,,,,,,,,,,,,,,,,,,,,,,,,,
,,,,,,,,,,,,,,,,,,,,,,,,,,,
,,,,,,,,,,,,,,,,,,,,,,,,,,,
,,,,,,,,,,,,,,,,,,,,,,,,,,,
,,,,,,,,,,,,,,,,,,,,,,,,,,,
,,,,,,,,,,,,,,,,,,,,,,,,,,,
,,,,,,,,,,,,,,,,,,,,,,,,,,,
,,,,,,,,,,,,,,,,,,,,,,,,,,,
,,,,,,,,,,,,,,,,,,,,,,,,,,,
,,,,,,,,,,,,,,,,,,,,,,,,,,,
,,,,,,,,,,,,,,,,,,,,,,,,,,,
,,,,,,,,,,,,,,,,,,,,,,,,,,,
,,,,,,,,,,,,,,,,,,,,,,,,,,,
,,,,,,,,,,,,,,,,,,,,,,,,,,,
,,,,,,,,,,,,,,,,,,,,,,,,,,,
,,,,,,,,,,,,,,,,,,,,,,,,,,,
,,,,,,,,,,,,,,,,,,,,,,,,,,,
,,,,,,,,,,,,,,,,,,,,,,,,,,,
,,,,,,,,,,,,,,,,,,,,,,,,,,,
,,,,,,,,,,,,,,,,,,,,,,,,,,,
,,,,,,,,,,,,,,,,,,,,,,,,,,,
,,,,,,,,,,,,,,,,,,,,,,,,,,,
,,,,,,,,,,,,,,,,,,,,,,,,,,,
,,,,,,,,,,,,,,,,,,,,,,,,,,,
,,,,,,,,,,,,,,,,,,,,,,,,,,,
,,,,,,,,,,,,,,,,,,,,,,,,,,,
,,,,,,,,,,,,,,,,,,,,,,,,,,,
,,,,,,,,,,,,,,,,,,,,,,,,,,,
,,,,,,,,,,,,,,,,,,,,,,,,,,,
,,,,,,,,,,,,,,,,,,,,,,,,,,,
,,,,,,,,,,,,,,,,,,,,,,,,,,,
,,,,,,,,,,,,,,,,,,,,,,,,,,,
,,,,,,,,,,,,,,,,,,,,,,,,,,,
,,,,,,,,,,,,,,,,,,,,,,,,,,,
,,,,,,,,,,,,,,,,,,,,,,,,,,,
,,,,,,,,,,,,,,,,,,,,,,,,,,,
,,,,,,,,,,,,,,,,,,,,,,,,,,,
,,,,,,,,,,,,,,,,,,,,,,,,,,,
,,,,,,,,,,,,,,,,,,,,,,,,,,,
,,,,,,,,,,,,,,,,,,,,,,,,,,,
,,,,,,,,,,,,,,,,,,,,,,,,,,,
,,,,,,,,,,,,,,,,,,,,,,,,,,,
,,,,,,,,,,,,,,,,,,,,,,,,,,,
,,,,,,,,,,,,,,,,,,,,,,,,,,,
,,,,,,,,,,,,,,,,,,,,,,,,,,,
,,,,,,,,,,,,,,,,,,,,,,,,,,,
,,,,,,,,,,,,,,,,,,,,,,,,,,,
,,,,,,,,,,,,,,,,,,,,,,,,,,,
,,,,,,,,,,,,,,,,,,,,,,,,,,,
,,,,,,,,,,,,,,,,,,,,,,,,,,,
,,,,,,,,,,,,,,,,,,,,,,,,,,,
,,,,,,,,,,,,,,,,,,,,,,,,,,,
,,,,,,,,,,,,,,,,,,,,,,,,,,,
,,,,,,,,,,,,,,,,,,,,,,,,,,,
,,,,,,,,,,,,,,,,,,,,,,,,,,,
,,,,,,,,,,,,,,,,,,,,,,,,,,,
,,,,,,,,,,,,,,,,,,,,,,,,,,,
,,,,,,,,,,,,,,,,,,,,,,,,,,,
,,,,,,,,,,,,,,,,,,,,,,,,,,,
,,,,,,,,,,,,,,,,,,,,,,,,,,,
,,,,,,,,,,,,,,,,,,,,,,,,,,,
,,,,,,,,,,,,,,,,,,,,,,,,,,,
,,,,,,,,,,,,,,,,,,,,,,,,,,,
,,,,,,,,,,,,,,,,,,,,,,,,,,,
,,,,,,,,,,,,,,,,,,,,,,,,,,,
,,,,,,,,,,,,,,,,,,,,,,,,,,,
,,,,,,,,,,,,,,,,,,,,,,,,,,,
,,,,,,,,,,,,,,,,,,,,,,,,,,,
,,,,,,,,,,,,,,,,,,,,,,,,,,,
,,,,,,,,,,,,,,,,,,,,,,,,,,,
,,,,,,,,,,,,,,,,,,,,,,,,,,,
,,,,,,,,,,,,,,,,,,,,,,,,,,,
,,,,,,,,,,,,,,,,,,,,,,,,,,,
,,,,,,,,,,,,,,,,,,,,,,,,,,,
,,,,,,,,,,,,,,,,,,,,,,,,,,,
,,,,,,,,,,,,,,,,,,,,,,,,,,,
,,,,,,,,,,,,,,,,,,,,,,,,,,,
,,,,,,,,,,,,,,,,,,,,,,,,,,,
,,,,,,,,,,,,,,,,,,,,,,,,,,,
,,,,,,,,,,,,,,,,,,,,,,,,,,,
,,,,,,,,,,,,,,,,,,,,,,,,,,,
,,,,,,,,,,,,,,,,,,,,,,,,,,,
,,,,,,,,,,,,,,,,,,,,,,,,,,,
,,,,,,,,,,,,,,,,,,,,,,,,,,,
,,,,,,,,,,,,,,,,,,,,,,,,,,,
,,,,,,,,,,,,,,,,,,,,,,,,,,,
,,,,,,,,,,,,,,,,,,,,,,,,,,,
,,,,,,,,,,,,,,,,,,,,,,,,,,,
,,,,,,,,,,,,,,,,,,,,,,,,,,,
,,,,,,,,,,,,,,,,,,,,,,,,,,,
,,,,,,,,,,,,,,,,,,,,,,,,,,,
,,,,,,,,,,,,,,,,,,,,,,,,,,,
,,,,,,,,,,,,,,,,,,,,,,,,,,,
,,,,,,,,,,,,,,,,,,,,,,,,,,,
,,,,,,,,,,,,,,,,,,,,,,,,,,,
,,,,,,,,,,,,,,,,,,,,,,,,,,,
,,,,,,,,,,,,,,,,,,,,,,,,,,,
,,,,,,,,,,,,,,,,,,,,,,,,,,,
,,,,,,,,,,,,,,,,,,,,,,,,,,,
,,,,,,,,,,,,,,,,,,,,,,,,,,,
,,,,,,,,,,,,,,,,,,,,,,,,,,,
,,,,,,,,,,,,,,,,,,,,,,,,,,,
,,,,,,,,,,,,,,,,,,,,,,,,,,,
,,,,,,,,,,,,,,,,,,,,,,,,,,,
,,,,,,,,,,,,,,,,,,,,,,,,,,,
,,,,,,,,,,,,,,,,,,,,,,,,,,,
,,,,,,,,,,,,,,,,,,,,,,,,,,,
,,,,,,,,,,,,,,,,,,,,,,,,,,,
,,,,,,,,,,,,,,,,,,,,,,,,,,,
,,,,,,,,,,,,,,,,,,,,,,,,,,,
,,,,,,,,,,,,,,,,,,,,,,,,,,,
,,,,,,,,,,,,,,,,,,,,,,,,,,,
,,,,,,,,,,,,,,,,,,,,,,,,,,,
