Formula,P2O5,SiO2,TiO2,Al2O3,V2O3,Cr2O3,MgO,CaO,MnO,FeO,Na2O,K2O,S,Mo,Total,"O=S , Mo",Total,X,Y,Z,Beam X,Beam Y,Comment,Distance (µ),Mean Z,Point#,Date,Geo Specie
1 / 1 . ,0.0487,47.4186,1.0089,15.0304,0.0417,0.0769,10.0577,13.2037,0.1965,10.6526,1.7403,0.0281,0.0074,0.0492,99.5606,0.0059,99.5547,-14335,-25966,182, , ,H9 BIR-1,0,12.7413,1,9/16/2020 16:12,Glass (on the basis of 24 O)
1 / 2 . ,0.0293,46.9662,1.0122,15.2917,0.0863,0.0487,9.8865,13.0939,0.175,10.4461,1.7636,0.0405,0.0042,0.1433,98.9876,0.013,98.9746,-14711,-25966,182, , ,H9 BIR-1,376,12.6789,2,9/16/2020 16:19,Glass (on the basis of 24 O)
1 / 3 . ,0.0467,46.2977,0.9135,14.9446,0.0822,0.0492,9.4792,12.895,0.1657,9.9101,1.7522,0.0287,0.0115,0.7884,97.3645,0.0686,97.2959,-15152,-25917,182, , ,H9 BIR-1,818.47,12.6285,3,9/16/2020 16:25,Glass (on the basis of 24 O)
1 / 4 . ,0.0411,47.2171,0.9865,15.5426,0.0666,0.077,9.83,13.0309,0.1671,10.3075,1.8397,0.0382,0.0063,0.0412,99.1917,0.005,99.1867,-14748,-26127,182, , ,H9 BIR-1,443.27,12.6479,4,9/16/2020 16:31,Glass (on the basis of 24 O)
1 / 5 . ,0.0226,47.3726,0.9897,14.6721,0.0508,0.0637,10.061,13.0754,0.1748,11.0418,1.7034,0.0091,0.0147,0.0008,99.2524,0.0037,99.2487,-14461,-26741,182, , ,H9 BIR-1,785.18,12.7251,5,9/16/2020 16:37,Glass (on the basis of 24 O)
1 / 6 . ,0.0442,47.2391,0.9512,15.2768,0.0599,0.0802,9.9091,13.2241,0.1815,10.4701,1.7704,0.0253,0.0021,0.1176,99.3516,0.0103,99.3413,-14458,-27145,182, , ,H9 BIR-1,1185.4,12.7171,6,9/16/2020 16:43,Glass (on the basis of 24 O)
1 / 7 . ,0.0418,47.492,1.0064,15.797,0.0686,0.0547,9.6469,13.1611,0.176,10.3031,1.8692,0.0239,0,0.0845,99.7251,0.007,99.7181,-14182,-27145,182, , ,H9 BIR-1,1188.89,12.7244,7,9/16/2020 16:49,Glass (on the basis of 24 O)
1 / 8 . ,0.0375,47.5818,1.0398,15.2088,0.0826,0.0564,9.7183,13.1521,0.1554,10.5663,1.7842,0.0324,0.0074,0.1082,99.5311,0.0109,99.5202,-13906,-27145,182, , ,H9 BIR-1,1254.62,12.7437,8,9/16/2020 16:55,Glass (on the basis of 24 O)
1 / 9 . ,0.044,48.0245,0.9603,15.2325,0.0637,0.0519,9.8378,13.0979,0.1785,10.2436,1.7749,0.0215,0.0105,0.0998,99.6413,0.0109,99.6303,-13791,-27265,182, , ,H9 BIR-1,1408.31,12.709,9,9/16/2020 17:01,Glass (on the basis of 24 O)
1 / 10 . ,0.0283,47.7129,0.9511,15.6001,0.0698,0.0824,9.7007,13.1716,0.168,10.2947,1.7361,0.042,0.0063,0.1446,99.7087,0.0136,99.695,-13430,-27412,182, , ,H9 BIR-1,1705.86,12.7428,10,9/16/2020 17:07,Glass (on the basis of 24 O)
2 / 1 . ,0.2727,52.5355,1.6491,19.123,0.0456,0.022,4.2167,8.0733,0.1407,8.4418,3.1683,1.19,0.0032,0.1988,99.0807,0.0174,99.0634,-13945,-18636,147, , ,CR1B_PT1,7340.45,12.3005,11,9/16/2020 17:13,Glass (on the basis of 24 O)
2 / 2 . ,0.3308,53.0271,1.847,18.1557,0.0522,0.0211,4.1844,7.9064,0.1351,8.7373,3.1862,1.2076,0,0.2156,99.0065,0.018,98.9886,-13945,-18780,147, , ,CR1B_PT2,7196.66,12.3346,12,9/16/2020 17:19,Glass (on the basis of 24 O)
2 / 3 . ,0.354,53.2392,2.1461,16.5288,0.0584,0.0201,4.5506,7.5381,0.1335,8.75,3.0527,1.2036,0.0074,0.813,98.3955,0.0696,98.3259,-14300,-18825,147, , ,CR1B_PT3,7141.17,12.4542,13,9/16/2020 17:25,Glass (on the basis of 24 O)
2 / 4 . ,0.3093,53.1224,1.9584,16.7248,0.0365,0.0344,5.0823,7.5521,0.1431,8.7995,2.9517,1.1665,0.0005,0.3891,98.2705,0.0326,98.2379,-14432,-18969,147, , ,CR1B_PT4,6997.76,12.3002,14,9/16/2020 17:31,Glass (on the basis of 24 O)
2 / 5 . ,0.3088,52.771,1.8213,16.9943,0.0423,0.0069,5.2971,7.8834,0.1677,9.2377,3.0619,1.1729,0.0053,0.3529,99.1234,0.0308,99.0926,-14432,-19172,151, , ,CR1B_PT5,6794.76,12.441,15,9/16/2020 17:37,Glass (on the basis of 24 O)
2 / 6 . ,0.3708,52.8208,1.9704,16.7736,0.0489,0.0279,5.2191,7.5165,0.1548,9.0359,3.0212,1.1898,0.0085,0.1849,98.3432,0.0175,98.3257,-14875,-19463,148, , ,CR1B_PT6,6525.47,12.2721,16,9/16/2020 17:43,Glass (on the basis of 24 O)
2 / 7 . ,0.349,52.7503,1.9921,17.5013,0.0515,0.0307,4.6171,7.78,0.151,8.6875,3.0972,1.109,0.0139,0.3839,98.5146,0.0355,98.4791,-13245,-19330,152, , ,CR1B_PT7,6724.99,12.326,17,9/16/2020 17:49,Glass (on the basis of 24 O)
2 / 8 . ,0.3482,53.3061,2.0232,16.3882,0.0498,0.0362,5.0398,7.641,0.1424,9.0245,2.8957,1.1061,0.0043,0.6083,98.6137,0.0518,98.5619,-13056,-19263,153, , ,CR1B_PT8,6823.99,12.4382,18,9/16/2020 17:55,Glass (on the basis of 24 O)
2 / 9 . ,0.3039,52.9086,1.7478,16.2862,0.0265,0.0146,6.2147,7.6777,0.1895,9.5395,2.8371,1.0513,0.0037,0.4013,99.2025,0.0344,99.1681,-12729,-19155,155, , ,CR1B_PT9,6997.83,12.4752,19,9/16/2020 18:01,Glass (on the basis of 24 O)
2 / 10 . ,0.3207,52.6989,1.7786,17.164,0.0391,0.0096,5.1434,7.9385,0.1411,8.9019,2.9839,1.1486,0.0123,0.2777,98.5583,0.0262,98.5321,-12712,-18826,157, , ,CR1B_PT10,7322.18,12.3166,20,9/16/2020 18:07,Glass (on the basis of 24 O)
2 / 11 . ,0.3165,53.4638,2.2944,16.4499,0.0631,0.0248,4.1128,7.4027,0.1267,8.9283,3.1728,1.3144,0.0101,0.7292,98.4095,0.0633,98.3461,-12182,-18826,159, , ,CR1B_PT11,7457.58,12.4582,21,9/16/2020 18:13,Glass (on the basis of 24 O)
2 / 12 . ,0.2503,54.3899,1.9784,16.8187,0.0541,0.0119,4.4063,7.6152,0.1619,8.5627,3.0401,1.2889,0.0096,0.3032,98.8912,0.0277,98.8636,-12430,-18499,152, , ,CR1B_PT12,7706.23,12.3302,22,9/16/2020 18:19,Glass (on the basis of 24 O)
2 / 13 . ,0.3526,53.1327,2.0224,15.7475,0.0535,0.033,5.2306,7.5006,0.1454,9.4609,2.9723,1.2433,0.0128,0.6073,98.5149,0.0538,98.461,-12018,-18846,157, , ,CR1B_PT13,7487.56,12.4771,23,9/16/2020 18:25,Glass (on the basis of 24 O)
2 / 14 . ,0.3553,53.0676,1.9471,16.4401,0.0332,0.022,5.3577,7.5897,0.1403,9.004,3.0083,1.1925,0.0267,0.6343,98.8189,0.0595,98.7594,-12253,-18941,153, , ,CR1B_PT14,7327.09,12.461,24,9/16/2020 18:31,Glass (on the basis of 24 O)
2 / 15 . ,0.2904,53.0518,1.6044,17.0639,0.0432,0.023,5.8464,7.6784,0.1704,8.9808,2.9354,1.1133,0.0262,0.3414,99.169,0.035,99.134,-12379,-19343,155, , ,CR1B_PT15,6905.85,12.3871,25,9/16/2020 18:37,Glass (on the basis of 24 O)
2 / 16 . ,0.3438,53.1204,2.0026,15.9167,0.0544,0.0394,6.5713,6.9528,0.1583,9.3435,2.7937,1.1541,0.0075,0.3752,98.8336,0.0331,98.8005,-12010,-19526,158, , ,CR1B_PT16,6846.88,12.3848,26,9/16/2020 18:43,Glass (on the basis of 24 O)
2 / 17 . ,0.3992,52.8677,2.0179,17.749,0.0728,0,3.849,7.6338,0.0899,8.478,3.1779,1.2867,0.0166,0.3721,98.0107,0.0352,97.9755,-13427,-19806,153, , ,CR1B_PT17,6226.63,12.2438,27,9/16/2020 18:49,Glass (on the basis of 24 O)
2 / 18 . ,0.3205,53.132,1.8246,16.1712,0.0594,0.0156,5.7626,7.8777,0.1475,9.4428,2.7973,1.0631,0.0123,0.1856,98.8122,0.0185,98.7936,-13427,-20002,156, , ,CR1B_PT18,6032.78,12.3724,28,9/16/2020 18:55,Glass (on the basis of 24 O)
2 / 19 . ,0.3531,53.2314,1.7412,17.4733,0.0458,0.0179,5.1411,7.7242,0.1399,8.6259,3.0326,1.1459,0.0011,0.1794,98.8527,0.0152,98.8374,-13427,-20374,161, , ,CR1B_PT19,5665.28,12.272,29,9/16/2020 19:01,Glass (on the basis of 24 O)
2 / 20 . ,0.3389,52.9513,1.7714,17.7383,0.0429,0.0009,4.9285,7.9358,0.1503,8.8673,3.0128,1.1763,0.0069,0.1673,99.0889,0.0157,99.0732,-13427,-20719,160, , ,CR1B_PT20,5325.03,12.3369,30,9/16/2020 19:07,Glass (on the basis of 24 O)
2 / 21 . ,0.3103,52.6351,2.0396,15.67,0.0672,0.0192,6.3416,7.6105,0.1714,9.8343,2.7793,1.1048,0.0107,0.222,98.816,0.0212,98.7949,-13759,-20623,158, , ,CR1B_PT21,5374.01,12.429,31,9/16/2020 19:13,Glass (on the basis of 24 O)
2 / 22 . ,0.3243,52.7405,1.8272,16.8494,0.0495,0.0262,5.472,7.8798,0.1495,8.897,2.9934,1.1397,0,0.413,98.7614,0.0344,98.727,-13189,-20155,161, , ,CR1B_PT22,5922.96,12.3801,32,9/16/2020 19:19,Glass (on the basis of 24 O)
2 / 23 . ,0.353,53.1493,1.9593,15.9777,0.0491,0.0487,5.655,7.7407,0.1528,9.1138,2.9101,1.1588,0,0.5175,98.7856,0.0432,98.7424,-13881,-20171,156, , ,CR1B_PT23,5812.82,12.4438,33,9/16/2020 19:25,Glass (on the basis of 24 O)
2 / 24 . ,0.3375,53.2163,1.8311,16.2732,0.0437,0.0133,5.6934,7.9126,0.1562,9.0809,2.9561,1.0958,0.0048,0.4873,99.1023,0.0418,99.0604,-13911,-19976,153, , ,CR1B_PT24,6005.06,12.4602,34,9/16/2020 19:31,Glass (on the basis of 24 O)
2 / 25 . ,0.3193,49.4689,1.9406,14.3423,0.0361,0.0293,5.4513,7.9005,0.1482,9.3098,2.6349,1.132,0.0048,0.4598,93.1779,0.0395,93.1384,-14134,-19882,152, , ,CR1B_PT25,6087.39,11.8506,35,9/16/2020 19:37,Glass (on the basis of 24 O)
3 / 1 . ,0.337,52.1435,2.1894,16.3569,0.0467,0.0475,4.6872,7.9169,0.1481,9.6316,3.1267,1.0995,0.01,0.7928,98.5335,0.0686,98.4649,-19940,-21424,140, , ,CR2A_PT1,7214.4,12.5814,36,9/16/2020 19:43,Glass (on the basis of 24 O)
3 / 2 . ,0.3161,52.974,1.7403,17.2074,0.0508,0.0529,4.6798,8.1722,0.1241,8.6892,3.2058,1.1599,0.0042,0.3013,98.6778,0.0262,98.6516,-19940,-21566,140, , ,CR2A_PT2,7125.85,12.3278,37,9/16/2020 19:49,Glass (on the basis of 24 O)
3 / 3 . ,0.3376,53.2172,1.8313,17.6136,0.0579,0.0201,4.0923,8.1361,0.1279,7.9223,3.2097,1.1473,0.018,0.8679,98.5992,0.0769,98.5223,-19940,-21805,140, , ,CR2A_PT3,6980.81,12.4131,38,9/16/2020 19:55,Glass (on the basis of 24 O)
3 / 4 . ,0.2866,53.3998,1.8149,17.2704,0.0438,0.0078,4.4449,8.1345,0.1245,8.3378,3.1442,1.0868,0,0.7333,98.8294,0.0612,98.7682,-19940,-22003,142, , ,CR2A_PT4,6864.62,12.4335,39,9/16/2020 20:01,Glass (on the basis of 24 O)
3 / 5 . ,0.1565,52.3209,2.1492,16.4299,0.0542,0.0349,4.6681,7.8862,0.1503,9.9542,2.8559,1.0282,0,1.0211,98.7097,0.0851,98.6245,-19940,-22306,143, , ,CR2A_PT5,6694.26,12.698,40,9/16/2020 20:07,Glass (on the basis of 24 O)
3 / 6 . ,0.1891,51.9618,2.5156,16.3306,0.0837,0.0181,4.4878,7.728,0.1521,10.3671,2.7956,1.007,0.0011,0.9637,98.6013,0.0806,98.5207,-19735,-22439,146, , ,CR2A_PT6,6449.89,12.7284,41,9/16/2020 20:13,Glass (on the basis of 24 O)
3 / 7 . ,0.2026,51.7619,2.4816,16.3067,0.0492,0.0412,4.3843,7.78,0.1258,10.3059,2.8442,1.0314,0.0105,0.9345,98.2599,0.0806,98.1794,-19670,-22211,147, , ,CR2A_PT7,6524.07,12.6756,42,9/16/2020 20:19,Glass (on the basis of 24 O)
3 / 8 . ,0.3548,53.1617,1.9123,16.6011,0.0656,0.0096,4.5698,8.2074,0.1107,8.6079,3.0551,1.1113,0.0079,0.702,98.4771,0.0605,98.4166,-19820,-21801,142, , ,CR2A_PT8,6887.24,12.4294,43,9/16/2020 20:25,Glass (on the basis of 24 O)
3 / 9 . ,0.1689,51.6012,1.8983,16.7429,0.0503,0.0524,4.5088,8.2927,0.1334,8.891,2.9671,1.0991,0.0058,0.4987,96.9106,0.043,96.8675,-19371,-21893,144, , ,CR2A_PT9,6477.04,12.2364,44,9/16/2020 20:31,Glass (on the basis of 24 O)
3 / 10 . ,0.315,53.5089,1.8429,17.1676,0.0516,0.036,4.3454,7.8355,0.1435,8.5633,3.1826,1.1796,0,0.6293,98.8012,0.0525,98.7488,-19139,-21905,146, , ,CR2A_PT10,6290.58,12.4187,45,9/16/2020 20:37,Glass (on the basis of 24 O)
3 / 11 . ,0.3051,52.8049,1.8777,16.9579,0.0574,0.021,4.6279,8.1025,0.1171,8.8681,3.1233,1.1427,0.0122,0.4719,98.4898,0.0424,98.4474,-19141,-21698,147, , ,CR2A_PT11,6427.65,12.3819,46,9/16/2020 20:43,Glass (on the basis of 24 O)
3 / 12 . ,0.2091,33.4132,1.6574,10.8396,0.0523,0.0369,3.5599,5.2893,0.0753,6.0389,1.856,0.6723,0.0243,0.546,64.2706,0.0516,64.219,-18935,-21410,143, , ,CR2A_PT12,6474.46,8.2051,47,9/16/2020 20:49,Glass (on the basis of 24 O)
3 / 13 . ,0,0.0466,0.0204,0.022,0.0123,0,0,0,0.01,0.0206,0,0,0.0608,0,0.1926,0.0152,0.1774,-19259,-20914,140, , ,CR2A_PT13,7054.8,0.0145,48,9/16/2020 20:55,Glass (on the basis of 24 O)
3 / 14 . ,0,0.0844,0,0.0332,0.011,0,0.0069,0.0161,0.0051,0.0258,0.0112,0.0005,0.062,0.0116,0.2678,0.0164,0.2513,-18906,-20836,140, , ,CR2A_PT14,6871.15,0.0384,49,9/16/2020 21:02,Glass (on the basis of 24 O)
3 / 15 . ,0.1665,23.6796,1.03,7.3296,0.0161,0.0182,1.7916,3.744,0.0676,3.9925,1.2273,0.5916,0.0565,0.3446,44.0557,0.0428,44.0129,-18073,-22225,149, , ,CR2A_PT15,5288.56,5.6125,50,9/16/2020 21:08,Glass (on the basis of 24 O)
3 / 16 . ,0.3356,52.2984,1.8855,16.8928,0.0656,0.0324,4.5426,8.008,0.1595,8.7995,2.9726,1.1121,0.0095,0.5285,97.6427,0.0464,97.5962,-18363,-22501,151, , ,CR2A_PT16,5313.38,12.3006,51,9/16/2020 21:14,Glass (on the basis of 24 O)
3 / 17 . ,0.3259,53.5145,1.9197,17.1548,0.0604,0.0297,3.9575,7.9691,0.1146,8.2049,3.1469,1.2116,0.0101,0.884,98.5034,0.0762,98.4272,-18164,-22501,154, , ,CR2A_PT17,5164.13,12.4396,52,9/16/2020 21:20,Glass (on the basis of 24 O)
3 / 18 . ,0.3388,53.0535,1.8888,17.1874,0.0293,0.0187,4.3334,7.8929,0.1413,8.5847,3.2681,1.1301,0,0.8112,98.6784,0.0676,98.6107,-18327,-22743,155, , ,CR2A_PT18,5130.74,12.4638,53,9/16/2020 21:26,Glass (on the basis of 24 O)
3 / 19 . ,0.3454,53.2161,1.9153,16.2403,0.0314,0.0306,5.0811,8.3137,0.1458,8.791,2.984,1.1168,0.0016,0.6359,98.849,0.0534,98.7956,-17653,-22906,153, , ,CR2A_PT19,4513.71,12.4775,54,9/16/2020 21:32,Glass (on the basis of 24 O)
3 / 20 . ,0.2405,52.9942,1.8946,16.1813,0.0507,0.0109,5.3403,8.0603,0.1442,9.2525,2.9276,1.0539,0.0143,0.6954,98.8606,0.0616,98.7991,-17647,-22399,154, , ,CR2A_PT20,4867.61,12.5286,55,9/16/2020 21:38,Glass (on the basis of 24 O)
3 / 21 . ,0.2732,53.1028,1.8967,16.7435,0.0211,0.0365,5.1427,7.9769,0.154,9.0305,2.9219,1.0244,0.0101,0.5816,98.9158,0.051,98.8648,-17410,-22393,154, , ,CR2A_PT21,4714.1,12.4684,56,9/16/2020 21:44,Glass (on the basis of 24 O)
3 / 22 . ,0.2875,53.2295,1.9152,16.4454,0.057,0.0451,5.0456,8.0281,0.1212,8.9822,3.1009,1.1025,0.0159,0.5803,98.9564,0.0524,98.904,-17392,-21941,150, , ,CR2A_PT22,5054.39,12.476,57,9/16/2020 21:50,Glass (on the basis of 24 O)
3 / 23 . ,0.3222,52.8422,1.7836,17.1963,0.0074,0.021,4.8901,8.1826,0.1385,8.6132,3.0476,1.0363,0,0.4972,98.5782,0.0415,98.5367,-17415,-21647,149, , ,CR2A_PT23,5304.83,12.3599,58,9/16/2020 21:56,Glass (on the basis of 24 O)
3 / 24 . ,0.3116,49.3709,1.7007,15.9336,0.0653,0.0315,4.391,7.6475,0.1444,8.0772,2.6316,1.0277,0.0106,0.4399,91.7833,0.0393,91.744,-17413,-21504,145, , ,CR2A_PT24,5420.78,11.5251,59,9/16/2020 22:02,Glass (on the basis of 24 O)
3 / 25 . ,0.3069,52.2132,1.5126,18.3568,0.0523,0.0183,3.7902,8.1822,0.1253,7.4185,3.0969,1.1584,0,0.7006,96.9322,0.0584,96.8737,-20298,-21961,140, , ,CR2A_PT25,7183.26,12.1086,60,9/16/2020 22:08,Glass (on the basis of 24 O)
4 / 1 . ,0.417,54.5625,2.0331,15.7627,0.0623,0.0342,4.9579,7.256,0.1705,9.0694,3.0923,1.2628,0.0074,0.4646,99.1527,0.0406,99.1121,-19668,-25707,154, , ,CR2B_PT1,5339.36,12.449,61,9/16/2020 22:14,Glass (on the basis of 24 O)
4 / 2 . ,0.2818,52.9598,1.7083,15.207,0.0338,0.0473,7.369,7.3369,0.1437,9.4945,2.7602,1.06,0.0132,0.5702,98.9856,0.0508,98.9348,-19997,-25707,156, , ,CR2B_PT2,5667.98,12.4746,62,9/16/2020 22:20,Glass (on the basis of 24 O)
4 / 3 . ,0.281,52.5669,1.6921,18.0835,0.036,0.0467,4.8671,9.0765,0.1091,7.6932,3.0105,0.9037,0.0138,0.751,99.1311,0.0661,99.065,-20607,-25707,154, , ,CR2B_PT3,6277.41,12.4352,63,9/16/2020 22:26,Glass (on the basis of 24 O)
4 / 4 . ,0.3486,53.4361,1.7333,18.8343,0.0423,0.0514,3.9071,8.3576,0.1052,7.3224,3.3092,1.147,0.0011,0.0723,98.668,0.0063,98.6617,-21141,-25707,154, , ,CR2B_PT4,6810.98,12.109,64,9/16/2020 22:32,Glass (on the basis of 24 O)
4 / 5 . ,0.2349,51.622,1.524,19.7871,0.0398,0.0266,3.8509,9.6979,0.1077,6.7991,3.0398,0.8375,0,0.9206,98.4879,0.0768,98.4111,-20833,-25574,154, , ,CR2B_PT5,6509.87,12.3387,65,9/16/2020 22:38,Glass (on the basis of 24 O)
4 / 6 . ,0.2976,52.2483,1.9032,16.2475,0.0424,0.0386,5.6005,7.7751,0.1489,9.6749,2.9276,0.9624,0.0074,0.5622,98.4367,0.0487,98.388,-21371,-25673,149, , ,CR2B_PT6,7042.18,12.4676,66,9/16/2020 22:44,Glass (on the basis of 24 O)
4 / 7 . ,0.3298,52.7755,1.7623,17.3719,0.0594,0.0465,4.827,7.6775,0.136,8.7993,3.0649,1.0598,0.0058,0.6767,98.5926,0.0579,98.5347,-21585,-25737,148, , ,CR2B_PT7,7253.7,12.4159,67,9/16/2020 22:50,Glass (on the basis of 24 O)
4 / 8 . ,0.3302,53.3777,2.0868,15.2816,0.0564,0.0341,5.3647,7.7552,0.1514,9.6193,2.8547,1.1669,0.0116,0.7476,98.8381,0.0652,98.7729,-21637,-26060,151, , ,CR2B_PT8,7302.67,12.5887,68,9/16/2020 22:56,Glass (on the basis of 24 O)
4 / 9 . ,0.3582,52.9555,2.2695,16.0457,0.0511,0.0337,4.6614,7.6184,0.1466,9.3486,2.964,1.2529,0.0069,0.8325,98.5448,0.0711,98.4737,-21641,-26431,154, , ,CR2B_PT9,7320.84,12.5608,69,9/16/2020 23:02,Glass (on the basis of 24 O)
4 / 10 . ,0.3624,53.5449,1.7288,18.0999,0.0513,0.0087,4.2009,7.7397,0.1426,8.4739,3.1066,1.3053,0.0085,0.2724,99.046,0.0248,99.0211,-21222,-26431,154, , ,CR2B_PT10,6902.74,12.3178,70,9/16/2020 23:08,Glass (on the basis of 24 O)
4 / 11 . ,0.3691,52.7771,2.1165,16.398,0.0726,0.0337,5.0974,7.5931,0.1289,9.2997,2.923,1.1363,0,0.7949,98.7402,0.0663,98.6739,-20832,-26431,159, , ,CR2B_PT11,6513.66,12.5445,71,9/16/2020 23:14,Glass (on the basis of 24 O)
4 / 12 . ,0.3708,50.9039,2.1635,16.9156,0.0635,0.0303,4.7277,7.2616,0.1454,11.4022,2.9204,1.1232,0.0079,0.7749,98.811,0.0666,98.7444,-20655,-26564,156, , ,CR2B_PT12,6348.28,12.7658,72,9/16/2020 23:20,Glass (on the basis of 24 O)
4 / 13 . ,0.2248,52.9842,1.2038,20.6941,0.027,0.0298,4.0337,8.1826,0.1046,7.1373,3.2887,1.1267,0.0117,0.1626,99.2117,0.0165,99.1952,-20821,-26926,160, , ,CR2B_PT13,6556.7,12.1282,73,9/16/2020 23:26,Glass (on the basis of 24 O)
4 / 14 . ,0.351,53.1739,1.6163,17.9422,0.0252,0.0365,4.9523,7.5803,0.1519,8.4298,3.1813,1.1269,0,0.5941,99.162,0.0495,99.1124,-21016,-26926,159, , ,CR2B_PT14,6749.66,12.3965,74,9/16/2020 23:32,Glass (on the basis of 24 O)
4 / 15 . ,0.3562,52.901,2.178,16.1627,0.0652,0.0246,5.0322,7.6849,0.1453,8.877,3.1785,1.0886,0.0016,1.1537,98.8495,0.0966,98.7529,-21214,-26830,158, , ,CR2B_PT15,6933.09,12.6265,75,9/16/2020 23:38,Glass (on the basis of 24 O)
4 / 16 . ,0.3544,52.8489,1.797,17.4143,0.0707,0.0142,4.7756,7.6744,0.1533,8.4436,3.1602,1.1818,0.0154,0.878,98.7817,0.077,98.7046,-21980,-26778,155, , ,CR2B_PT16,7688.05,12.4689,76,9/16/2020 23:44,Glass (on the basis of 24 O)
4 / 17 . ,0.2605,52.6431,1.5001,17.4419,0.0542,0.0502,5.4131,8.1124,0.1534,8.6056,3.0236,1.0288,0.0106,0.4232,98.7208,0.0379,98.6829,-21851,-26917,154, , ,CR2B_PT17,7575.98,12.337,77,9/16/2020 23:50,Glass (on the basis of 24 O)
4 / 18 . ,0.3521,54.0716,2.0993,16.5506,0.055,0.011,4.51,7.5741,0.1537,8.6972,2.9876,1.199,0.008,0.5878,98.8571,0.051,98.8061,-21552,-27273,154, , ,CR2B_PT18,7334.45,12.4287,78,9/16/2020 23:56,Glass (on the basis of 24 O)
4 / 19 . ,0.3377,54.0632,1.7119,17.3898,0.048,0.0476,4.3313,7.49,0.1181,8.1073,3.1816,1.3202,0.0218,0.8509,99.0193,0.0764,98.9429,-21212,-27481,161, , ,CR2B_PT19,7041.93,12.4412,79,9/17/2020 0:02,Glass (on the basis of 24 O)
4 / 20 . ,0.3284,52.7689,1.9157,14.801,0.0317,0.0632,7.0247,6.9163,0.1538,9.5349,2.7379,1.1177,0.0095,0.7412,98.1449,0.0642,98.0807,-21263,-27910,163, , ,CR2B_PT20,7195.6,12.4369,80,9/17/2020 0:08,Glass (on the basis of 24 O)
4 / 21 . ,0.3371,53.2157,2.0123,15.6461,0.047,0.0706,6.2143,7.2709,0.155,9.5236,2.9069,1.1391,0.0117,0.5709,99.1212,0.0505,99.0707,-21317,-28129,160, , ,CR2B_PT21,7309.4,12.518,81,9/17/2020 0:14,Glass (on the basis of 24 O)
4 / 22 . ,0.3352,52.8941,1.8363,16.5054,0.0401,0.0561,5.9909,7.5321,0.1512,8.918,2.905,1.1211,0.0101,0.4528,98.7484,0.0403,98.7081,-20983,-28177,164, , ,CR2B_PT22,7006.05,12.3746,82,9/17/2020 0:20,Glass (on the basis of 24 O)
4 / 23 . ,0.2648,52.944,1.5128,18.4929,0.0149,0.0518,4.8561,8.0115,0.1085,7.84,3.0438,1.1241,0.0096,0.5592,98.8341,0.049,98.7851,-19659,-27864,162, , ,CR2B_PT23,5652.24,12.2999,83,9/17/2020 0:26,Glass (on the basis of 24 O)
4 / 24 . ,0.3668,53.6071,1.9885,15.874,0.0703,0.0228,5.5293,7.7351,0.1645,8.8416,2.9368,1.216,0.0154,0.6845,99.0527,0.0609,98.9917,-19475,-27864,165, , ,CR2B_PT24,5479.26,12.5013,84,9/17/2020 0:32,Glass (on the basis of 24 O)
4 / 25 . ,0.3369,53.1073,1.7258,16.0301,0.0537,0.0666,6.5371,7.2973,0.1652,8.7959,2.952,1.1474,0,0.8189,99.0343,0.0683,98.966,-19348,-27567,166, , ,CR2B_PT25,5262.47,12.488,85,9/17/2020 0:38,Glass (on the basis of 24 O)
4 / 26 . ,0.3579,52.2725,1.9667,15.5425,0.0424,0.035,5.9062,7.2394,0.1563,9.6907,2.7882,1.0712,0.0228,0.8905,97.9823,0.0799,97.9024,-19674,-27568,166, , ,CR2B_PT26,5574.19,12.5043,86,9/17/2020 0:44,Glass (on the basis of 24 O)
5 / 1 . ,0.405,53.8717,2.0685,15.7704,0.0445,0.0105,4.7636,7.5452,0.1499,9.2468,3.2422,1.2984,0.0032,0.6733,99.093,0.0569,99.0361,-18069,-31538,182, , ,CR3_PT1,6707.45,12.5427,87,9/17/2020 0:50,Glass (on the basis of 24 O)
5 / 2 . ,0.3305,53.1917,1.7611,13.6823,0.0628,0.0362,7.4752,7.1881,0.2078,10.6612,2.8493,1.1116,0.0042,0.5849,99.1469,0.0498,99.0971,-18409,-31552,182, , ,CR3_PT2,6913.82,12.6338,88,9/17/2020 0:57,Glass (on the basis of 24 O)
5 / 3 . ,0.3077,53.6104,1.8462,14.2227,0.0801,0.0277,7.1117,6.8491,0.185,10.2894,2.8004,1.1217,0.0122,0.509,98.9732,0.0455,98.9277,-18758,-31736,180, , ,CR3_PT3,7270.2,12.535,89,9/17/2020 1:03,Glass (on the basis of 24 O)
5 / 4 . ,0.2692,53.981,1.7215,14.1189,0.0715,0.0154,7.1601,6.5579,0.1716,10.2781,2.7796,1.1401,0.0037,0.707,98.9755,0.0599,98.9156,-19059,-31664,174, , ,CR3_PT4,7401.58,12.5697,90,9/17/2020 1:09,Glass (on the basis of 24 O)
5 / 5 . ,0.2827,53.1265,1.7412,13.7579,0.0599,0.033,7.6265,6.855,0.1977,10.9914,2.7058,1.0529,0.0037,0.6749,99.1091,0.0572,99.0519,-19082,-32039,181, , ,CR3_PT5,7708.14,12.6692,91,9/17/2020 1:15,Glass (on the basis of 24 O)
5 / 6 . ,0.2654,53.2074,1.8263,13.9818,0.0816,0.0104,7.3553,6.7532,0.1995,10.9421,2.729,1.1222,0.009,0.7813,99.2645,0.0674,99.1971,-19179,-32126,177, , ,CR3_PT6,7836.45,12.7176,92,9/17/2020 1:21,Glass (on the basis of 24 O)
5 / 7 . ,0.2184,52.9437,1.8122,13.9412,0.0697,0.0398,7.1673,6.7068,0.1825,10.9671,2.7571,1.1154,0,0.7099,98.631,0.0592,98.5718,-19482,-32042,171, , ,CR3_PT7,7963.01,12.625,93,9/17/2020 1:27,Glass (on the basis of 24 O)
5 / 8 . ,0.3136,53.2308,1.9498,16.1028,0.0745,0.0331,4.8832,7.6907,0.1599,9.8519,2.8685,1.1449,0.0079,0.7688,99.0804,0.0661,99.0143,-18451,-32138,182, , ,CR3_PT8,7418.56,12.6372,94,9/17/2020 1:33,Glass (on the basis of 24 O)
5 / 9 . ,0.3125,52.9316,1.9613,16.2564,0.0605,0.0341,4.7607,7.6693,0.115,9.462,2.9973,1.218,0.0058,0.6812,98.4658,0.0582,98.4075,-18494,-32358,182, , ,CR3_PT9,7625.94,12.4976,95,9/17/2020 1:39,Glass (on the basis of 24 O)
5 / 10 . ,0.3285,53.038,1.869,16.4152,0.0507,0.03,4.7151,7.7897,0.1418,9.1773,2.9505,1.1686,0.0122,0.8622,98.5488,0.0749,98.4738,-18586,-32555,182, , ,CR3_PT10,7841.3,12.5321,96,9/17/2020 1:45,Glass (on the basis of 24 O)
5 / 11 . ,0.332,53.1279,1.8187,16.2965,0.047,0.0291,4.8035,7.6706,0.1604,9.1632,3.1447,1.2399,0.0169,0.7442,98.5946,0.0663,98.5283,-18487,-32746,182, , ,CR3_PT11,7950.32,12.4941,97,9/17/2020 1:51,Glass (on the basis of 24 O)
5 / 12 . ,0.3339,52.9637,1.9951,15.8767,0.0589,0.0337,5.1819,7.6676,0.1526,9.1894,3.0177,1.2044,0.0026,0.7942,98.4725,0.0669,98.4056,-18579,-32915,182, , ,CR3_PT12,8142.49,12.5065,98,9/17/2020 1:57,Glass (on the basis of 24 O)
5 / 13 . ,0.3058,53.407,1.9037,15.4432,0.047,0.0291,5.441,7.7234,0.1344,9.2262,3.0722,1.1837,0.0185,0.8639,98.799,0.0767,98.7223,-18602,-33186,182, , ,CR3_PT13,8386.64,12.5614,99,9/17/2020 2:03,Glass (on the basis of 24 O)
5 / 14 . ,0.3279,53.115,1.873,15.4667,0.0705,0.0087,5.4637,8.0898,0.168,9.1189,2.993,1.1514,0.0063,0.6934,98.5464,0.0594,98.487,-19326,-33191,180, , ,CR3_PT14,8781.27,12.4896,100,9/17/2020 2:09,Glass (on the basis of 24 O)
5 / 15 . ,0.2312,54.0185,1.9251,15.7286,0.0503,0.0141,5.1386,7.8262,0.1367,9.0386,2.8242,1.1825,0.0079,0.8221,98.9446,0.0705,98.8741,-19257,-33844,182, , ,CR3_PT15,9289.19,12.5508,101,9/17/2020 2:15,Glass (on the basis of 24 O)
5 / 16 . ,0.3378,53.1343,1.8121,15.7853,0.0585,0.0295,5.5596,7.5437,0.1659,9.5412,3.0531,1.1745,0.0106,0.838,99.0439,0.0725,98.9714,-18137,-32692,182, , ,CR3_PT16,7726.21,12.6018,102,9/17/2020 2:21,Glass (on the basis of 24 O)
5 / 17 . ,0.3384,53.2147,1.9111,15.3427,0.0646,0.0309,5.7965,7.4989,0.1647,9.7572,3.0208,1.1496,0,0.8257,99.1159,0.0688,99.0471,-17902,-32523,182, , ,CR3_PT17,7464.43,12.6303,103,9/17/2020 2:27,Glass (on the basis of 24 O)
5 / 18 . ,0.2092,52.119,2.0636,14.998,0.0619,0.0212,5.9902,7.3219,0.1791,11.225,2.6044,0.9721,0.0127,0.7792,98.5577,0.0681,98.4896,-17909,-32275,183, , ,CR3_PT18,7251,12.7107,104,9/17/2020 2:33,Glass (on the basis of 24 O)
5 / 19 . ,0.157,52.9341,1.8344,14.4826,0.0713,0.0181,7.1045,6.6073,0.1862,11.4132,2.3937,0.9345,0.0201,0.6941,98.8511,0.0629,98.7882,-17577,-32323,182, , ,CR3_PT19,7135.97,12.6796,105,9/17/2020 2:39,Glass (on the basis of 24 O)
5 / 20 . ,0.132,52.1369,2.2484,16.2445,0.091,0.0393,4.7921,7.7612,0.1872,11.3373,2.3477,0.9373,0.0258,0.7313,99.012,0.0674,98.9446,-17683,-32958,182, , ,CR3_PT20,7752.24,12.8,106,9/17/2020 2:45,Glass (on the basis of 24 O)
5 / 21 . ,0.2611,52.287,2.0994,16.3128,0.0598,0.005,4.3586,7.4182,0.1631,11.4582,2.5896,0.9628,0,0.6967,98.6723,0.0581,98.6142,-17416,-32900,182, , ,CR3_PT21,7587.68,12.7299,107,9/17/2020 2:51,Glass (on the basis of 24 O)
5 / 22 . ,0.1703,51.6798,2.2032,16.2971,0.0868,0.0275,4.4109,7.514,0.1298,11.5498,2.6318,1.0227,0.0132,0.734,98.4711,0.0645,98.4066,-17295,-32852,182, , ,CR3_PT22,7495.24,12.7468,108,9/17/2020 2:57,Glass (on the basis of 24 O)
5 / 25 . ,0.339,53.5709,1.7529,13.9913,0.0329,0.0145,7.3494,6.6532,0.2005,10.4125,2.7828,1.1763,0.0223,0.624,98.9223,0.0576,98.8647,-18762,-31880,178, , ,CR3_PT25,7387.4,12.5633,111,9/17/2020 3:15,Glass (on the basis of 24 O)
6 / 1 . ,0.2839,54.1934,2.0654,17.5721,0.0458,0.01,3.3555,7.6966,0.1392,8.1455,3.07,1.1047,0.0021,0.6594,98.3438,0.0555,98.2882,-12533,-33348,195, , ,CR4_PT1,7598.77,12.3328,112,9/17/2020 3:21,Glass (on the basis of 24 O)
6 / 2 . ,0.3117,54.7377,2.058,17.6706,0.0612,0.0329,3.5338,7.6575,0.1329,8.2766,3.0679,1.1178,0.0042,0.7432,99.4062,0.063,99.3432,-12387,-33507,195, , ,CR4_PT2,7788.55,12.4882,113,9/17/2020 3:27,Glass (on the basis of 24 O)
6 / 3 . ,0.1767,54.3296,2.1188,17.4732,0.0426,0.0055,3.6785,7.7239,0.1288,8.3332,2.9408,1.0274,0.0058,0.6188,98.6035,0.0531,98.5505,-12554,-33683,195, , ,CR4_PT3,7919.86,12.3667,114,9/17/2020 3:33,Glass (on the basis of 24 O)
6 / 4 . ,0.3572,53.5838,1.9666,16.9626,0.0542,0.0534,4.4014,7.9056,0.1463,8.6434,2.9959,1.0332,0.009,0.7205,98.8331,0.0623,98.7708,-13207,-33436,195, , ,CR4_PT4,7554.7,12.4651,115,9/17/2020 3:39,Glass (on the basis of 24 O)
6 / 5 . ,0.3163,53.6987,2.0013,17.1327,0.0707,0.0178,4.048,7.8474,0.1343,8.6246,3.0666,1.0771,0.0048,0.7996,98.8396,0.0679,98.7718,-13348,-33125,195, , ,CR4_PT5,7226.73,12.4872,116,9/17/2020 3:45,Glass (on the basis of 24 O)
6 / 6 . ,0.3007,53.1759,1.9942,16.7497,0.0554,0.0105,4.5585,8.0223,0.1053,8.6954,3.0886,1.0301,0.0185,0.7551,98.5602,0.0676,98.4926,-13336,-32970,195, , ,CR4_PT6,7074.9,12.4522,117,9/17/2020 3:51,Glass (on the basis of 24 O)
6 / 7 . ,0.2607,53.5881,1.9817,17.1666,0.0583,0.0183,4.4815,7.9802,0.1266,8.4992,2.9991,1.0165,0.0053,0.756,98.9381,0.0644,98.8737,-12412,-34153,195, , ,CR4_PT7,8409.82,12.4698,118,9/17/2020 3:57,Glass (on the basis of 24 O)
6 / 8 . ,0.2773,53.1182,1.8825,17.2661,0.0563,0.0247,4.5671,8.036,0.1449,8.5431,2.9579,1.0213,0.0058,0.6445,98.5458,0.0552,98.4906,-12485,-34266,195, , ,CR4_PT8,8503.69,12.3976,119,9/17/2020 4:03,Glass (on the basis of 24 O)
6 / 9 . ,0.2473,53.6138,1.7911,18.0672,0.0348,0.033,4.2715,8.0633,0.1264,8.048,3.1137,0.9594,0.0053,0.6534,99.0281,0.0558,98.9723,-12494,-34405,195, , ,CR4_PT9,8637.49,12.3857,120,9/17/2020 4:09,Glass (on the basis of 24 O)
6 / 10 . ,0.2604,53.4136,1.6271,18.622,0.051,0.0266,4.2722,8.1695,0.1003,8.046,3.1541,1.0044,0.0037,0.5304,99.2812,0.0452,99.236,-12431,-34549,195, , ,CR4_PT10,8791.66,12.3711,121,9/17/2020 4:15,Glass (on the basis of 24 O)
6 / 11 . ,0.255,53.4073,1.7615,17.7194,0.0422,0.0284,4.3699,8.0564,0.1338,8.1499,3.175,0.948,0.0127,0.6435,98.7031,0.0568,98.6463,-12761,-34849,195, , ,CR4_PT11,9021.38,12.3573,122,9/17/2020 4:21,Glass (on the basis of 24 O)
6 / 12 . ,0.2645,53.4864,1.8228,17.8032,0.0571,0.0256,4.3782,8.1177,0.1591,8.1336,3.2284,1.0017,0,0.7915,99.2697,0.066,99.2038,-12835,-34882,195, , ,CR4_PT12,9041.31,12.4753,123,9/17/2020 4:27,Glass (on the basis of 24 O)
6 / 13 . ,0.2247,54.7112,2.1347,17.5262,0.0525,0.0123,3.5436,7.9232,0.1274,8.5997,2.7607,0.9628,0.0048,0.6158,99.1996,0.0525,99.1471,-13070,-34012,195, , ,CR4_PT13,8144.85,12.471,124,9/17/2020 4:33,Glass (on the basis of 24 O)
6 / 14 . ,0.2412,54.7302,2.2018,17.4603,0.0712,0.0293,3.4182,7.7733,0.1032,8.2959,3.0547,0.9968,0.0096,0.6686,99.0542,0.0581,98.9961,-13674,-34107,195, , ,CR4_PT14,8167.8,12.4345,125,9/17/2020 4:39,Glass (on the basis of 24 O)
6 / 15 . ,0.2787,54.2154,2.0269,17.0952,0.0774,0.037,3.824,8.1076,0.1301,8.7406,3.0086,1.0685,0.0048,0.4964,99.1112,0.0426,99.0687,-13870,-34216,195, , ,CR4_PT15,8263.1,12.4537,126,9/17/2020 4:45,Glass (on the basis of 24 O)
6 / 16 . ,0.2704,54.299,2.1218,17.489,0.0625,0.0105,3.4901,7.8236,0.12,8.4506,3.0249,1.1237,0.0042,0.5791,98.8696,0.0494,98.8203,-13897,-34033,195, , ,CR4_PT16,8078.89,12.4096,127,9/17/2020 4:51,Glass (on the basis of 24 O)
6 / 17 . ,0.292,53.6332,1.9584,16.727,0.0472,0.0288,4.5952,8.2819,0.1252,8.5969,3.0369,1.0601,0.017,0.5955,98.9953,0.0539,98.9414,-14535,-34356,195, , ,CR4_PT17,8392.39,12.4563,128,9/17/2020 4:57,Glass (on the basis of 24 O)
6 / 18 . ,0.2179,53.3599,1.9207,17.1014,0.048,0.0288,4.6368,8.1291,0.1379,8.4538,3.0429,1.0373,0.0207,0.6468,98.782,0.0591,98.723,-15044,-34551,195, , ,CR4_PT18,8614.24,12.4215,129,9/17/2020 5:03,Glass (on the basis of 24 O)
6 / 19 . ,0.2742,53.2544,1.8741,17.1943,0.0778,0.021,4.5947,8.2912,0.1237,8.6094,3.0354,1.0295,0.009,0.5831,98.9718,0.0509,98.9209,-15258,-34403,195, , ,CR4_PT19,8487.35,12.4455,130,9/17/2020 5:09,Glass (on the basis of 24 O)
6 / 20 . ,0.2306,53.7866,2.1104,16.6098,0.0661,0.037,4.4615,7.9473,0.1116,8.9097,2.4899,0.9292,0.0106,1.003,98.7033,0.0863,98.617,-13587,-34646,195, , ,CR4_PT20,8712.18,12.5719,131,9/17/2020 5:15,Glass (on the basis of 24 O)
6 / 21 . ,0.2567,54.1848,2.1065,16.6533,0.0567,0.0306,4.5978,7.8992,0.146,8.883,2.5073,0.9448,0.0164,0.8607,99.1436,0.0759,99.0678,-13516,-34752,195, , ,CR4_PT21,8824.1,12.5721,132,9/17/2020 5:21,Glass (on the basis of 24 O)
6 / 22 . ,0.2473,53.7786,2.113,16.8273,0.0538,0.0365,4.5721,7.8768,0.1386,8.9232,2.5028,0.9717,0.0069,0.724,98.7725,0.0621,98.7104,-13515,-34885,195, , ,CR4_PT22,8956.63,12.4934,133,9/17/2020 5:27,Glass (on the basis of 24 O)
6 / 23 . ,0.2703,53.7368,2.1156,16.6421,0.0657,0.0123,4.5032,7.9086,0.1485,9.0417,2.5358,0.9354,0,0.867,98.783,0.0723,98.7108,-13424,-35088,198, , ,CR4_PT23,9167.39,12.5521,134,9/17/2020 5:33,Glass (on the basis of 24 O)
6 / 24 . ,0.112,53.9714,2.1482,16.4574,0.0533,0.0356,4.3238,7.4678,0.1417,8.7926,2.6018,0.9032,0.009,1.286,98.3037,0.1095,98.1942,-13424,-35487,196, , ,CR4_PT24,9564.5,12.5785,135,9/17/2020 5:39,Glass (on the basis of 24 O)
6 / 25 . ,0.2243,53.5752,1.9207,16.8532,0.0728,0.0069,4.5914,7.9111,0.1408,8.8469,2.9283,1.033,0.0042,0.8063,98.915,0.0683,98.8467,-12859,-35691,195, , ,CR4_PT25,9836.38,12.5175,136,9/17/2020 5:45,Glass (on the basis of 24 O)
6 / 26 . ,0.32,53.4781,1.9666,16.7522,0.0509,0.0338,4.733,7.9366,0.1568,8.668,3.0627,1.0397,0.0048,0.8863,99.0894,0.0751,99.0143,-12676,-35505,195, , ,CR4_PT26,9682.2,12.5471,137,9/17/2020 5:51,Glass (on the basis of 24 O)
7 / 1 . ,0.3643,54.3848,2.0385,16.6469,0.0657,0.0151,3.8087,7.358,0.1255,8.6873,3.4466,1.3206,0.0101,0.6864,98.9584,0.0597,98.8986,-7931,-31594,195, , ,CR5_PT1,8525.6,12.4594,138,9/17/2020 5:57,Glass (on the basis of 24 O)
7 / 2 . ,0.3751,54.4435,2.0475,16.4146,0.0616,0.0233,3.8436,7.4847,0.1337,8.6696,3.3448,1.3293,0.0159,0.6788,98.8659,0.0606,98.8053,-8028,-31671,195, , ,CR5_PT2,8504.44,12.4558,139,9/17/2020 6:04,Glass (on the basis of 24 O)
7 / 3 . ,0.3466,52.4563,2.2638,16.3947,0.0745,0.0309,4.2674,7.7687,0.1544,9.7816,3.0318,1.1685,0,1.0363,98.7754,0.0864,98.689,-8028,-31875,195, , ,CR5_PT3,8642.61,12.7023,140,9/17/2020 6:10,Glass (on the basis of 24 O)
7 / 4 . ,0.2963,53.7004,1.9496,14.6959,0.0507,0.041,5.232,7.4705,0.1404,9.3375,3.0158,1.1541,0.0106,1.3205,98.4152,0.1127,98.3024,-8028,-32006,195, , ,CR5_PT4,8732.7,12.6646,141,9/17/2020 6:16,Glass (on the basis of 24 O)
7 / 5 . ,0.38,52.911,2.3289,13.7393,0.0687,0.0263,6.1341,7.6943,0.171,10.6395,2.8177,1.093,0.0016,0.7789,98.7842,0.0653,98.7189,-8028,-32182,195, , ,CR5_PT5,8855.34,12.7136,142,9/17/2020 6:22,Glass (on the basis of 24 O)
7 / 6 . ,0.3503,54.3546,2.0796,14.7243,0.0533,0,4.9699,7.8199,0.1488,9.0086,3.0933,1.1359,0.0069,0.9778,98.7232,0.0833,98.64,-8028,-32426,195, , ,CR5_PT6,9028.29,12.5772,143,9/17/2020 6:28,Glass (on the basis of 24 O)
7 / 7 . ,0.4401,54.5211,2.0913,15.8043,0.0774,0.0334,4.245,8.1876,0.136,8.3054,3.1215,1.2716,0.0074,0.8745,99.1166,0.0748,99.0418,-8097,-32711,195, , ,CR5_PT7,9187.37,12.5452,144,9/17/2020 6:34,Glass (on the basis of 24 O)
7 / 8 . ,0.3134,54.1413,1.8487,16.5125,0.0311,0.0307,4.5526,8.2822,0.1238,8.3805,3.2035,1.2446,0.0159,0.3626,99.0433,0.0342,99.0091,-8150,-32896,198, , ,CR5_PT8,9288.67,12.3686,145,9/17/2020 6:40,Glass (on the basis of 24 O)
7 / 9 . ,0.3633,53.11,2.2686,15.0327,0.0747,0.0301,4.9154,8.1231,0.145,9.5128,2.9546,1.1514,0.0063,0.8727,98.5608,0.0744,98.4864,-7751,-32677,195, , ,CR5_PT9,9401.42,12.618,146,9/17/2020 6:46,Glass (on the basis of 24 O)
7 / 10 . ,0.3404,53.249,1.8699,15.1913,0.0553,0.0178,5.5858,8.149,0.1692,9.6209,2.9112,1.0534,0,0.684,98.897,0.057,98.84,-7744,-32287,195, , ,CR5_PT10,9132.17,12.5758,147,9/17/2020 6:52,Glass (on the basis of 24 O)
7 / 11 . ,0.2242,52.8219,1.466,18.044,0.0472,0.016,4.8164,8.1046,0.1342,8.7568,3.2158,1.1828,0.0096,0.2783,99.1178,0.0256,99.0922,-7750,-31942,195, , ,CR5_PT11,8892.41,12.3539,148,9/17/2020 6:58,Glass (on the basis of 24 O)
7 / 12 . ,0.3446,53.0533,2.3502,14.2513,0.0812,0.0419,5.1589,8.1588,0.1419,9.4506,3.0526,1.0332,0.0195,1.3668,98.5049,0.1188,98.386,-7263,-32275,195, , ,CR5_PT12,9477.18,12.7597,149,9/17/2020 7:04,Glass (on the basis of 24 O)
7 / 13 . ,0.2738,53.3963,1.6235,11.2636,0.0467,0.0237,2.626,7.4711,0.1246,9.1706,3.1659,1.3121,0.0143,0.4963,91.0086,0.045,90.9637,-7057,-32163,195, , ,CR5_PT13,9558.88,11.592,150,9/17/2020 7:10,Glass (on the basis of 24 O)
7 / 14 . ,0.164,55.1785,2.1165,16.3844,0.0658,0.0123,4.0519,7.544,0.1375,8.6605,2.9628,1.1438,0,0.6256,99.0477,0.0522,98.9955,-6907,-32181,195, , ,CR5_PT14,9685.12,12.4529,151,9/17/2020 7:16,Glass (on the basis of 24 O)
7 / 15 . ,0.3332,54.1145,2.0896,15.7586,0.0752,0.0306,4.4958,7.5404,0.1541,8.9524,3.0612,1.254,0.0117,0.9424,98.8136,0.0815,98.7321,-6712,-32479,199, , ,CR5_PT15,10026.44,12.5683,152,9/17/2020 7:22,Glass (on the basis of 24 O)
7 / 16 . ,0.2503,54.711,1.9474,16.5448,0.0447,0.0165,4.0692,7.6164,0.1536,8.4022,2.9717,1.1611,0.0064,0.8056,98.7008,0.0688,98.632,-6399,-32584,196, , ,CR5_PT16,10333.35,12.4395,153,9/17/2020 7:28,Glass (on the basis of 24 O)
7 / 17 . ,0.2725,53.9073,2.0101,15.4472,0.0541,0.036,5.1947,8.2279,0.1433,9.3182,2.7606,1.0754,0.0117,0.6962,99.1553,0.061,99.0943,-6435,-32815,196, , ,CR5_PT17,10455.57,12.5904,154,9/17/2020 7:34,Glass (on the basis of 24 O)
7 / 18 . ,0.3507,54.0425,2.028,15.4276,0.0652,0.036,5.02,7.3802,0.1675,9.4878,3.2372,1.3313,0.0053,0.7393,99.3186,0.063,99.2556,-6778,-33240,195, , ,CR5_PT18,10489.02,12.6099,155,9/17/2020 7:40,Glass (on the basis of 24 O)
7 / 19 . ,0.3123,54.0936,1.8811,15.9571,0.0481,0.0234,4.5072,8.2727,0.1536,8.1166,3.2108,1.1221,0.018,0.8883,98.6048,0.0786,98.5262,-6711,-31142,195, , ,CR5_PT19,9215.02,12.4541,156,9/17/2020 7:46,Glass (on the basis of 24 O)
7 / 20 . ,0.2419,54.0156,1.685,12.8925,0.0596,0.0101,6.5799,10.158,0.1907,9.0657,2.757,0.8482,0,0.641,99.145,0.0535,99.0916,-6487,-31145,198, , ,CR5_PT20,9402.84,12.6232,157,9/17/2020 7:52,Glass (on the basis of 24 O)
7 / 21 . ,0.1878,53.4826,1.2169,17.8435,0.0436,0.0532,4.9288,8.9106,0.1339,7.884,3.3798,0.9748,0.0011,0.3681,99.4087,0.031,99.3778,-6337,-31223,195, , ,CR5_PT21,9571.01,12.3362,158,9/17/2020 7:58,Glass (on the basis of 24 O)
7 / 22 . ,0.37,53.9272,2.1069,15.9002,0.0454,0.0429,4.5003,7.9478,0.1215,8.8861,3.1548,1.1623,0,0.8986,99.064,0.0749,98.989,-6946,-30526,195, , ,CR5_PT22,8682.81,12.5863,159,9/17/2020 8:04,Glass (on the basis of 24 O)
7 / 23 . ,0.355,53.5817,2.0045,16.6495,0.059,0.0433,4.4575,7.8973,0.1242,8.912,3.2568,1.2012,0.0069,0.6074,99.1563,0.0524,99.104,-6946,-30396,195, , ,CR5_PT23,8615.24,12.503,160,9/17/2020 8:10,Glass (on the basis of 24 O)
7 / 24 . ,0.3553,54.1665,2.0261,15.8344,0.0434,0.0379,4.5949,8.0239,0.1436,8.8363,3.2339,1.1445,0.0164,0.5941,99.051,0.0536,98.9974,-7370,-30396,195, , ,CR5_PT24,8254.47,12.4857,161,9/17/2020 8:16,Glass (on the basis of 24 O)
7 / 25 . ,0.2972,53.7555,1.8395,17.1425,0.0438,0.0397,4.0678,7.8886,0.1421,8.2881,3.3655,1.2417,0,0.7078,98.8198,0.059,98.7608,-7567,-30389,195, , ,CR5_PT25,8085.11,12.4205,162,9/17/2020 8:22,Glass (on the basis of 24 O)
7 / 26 . ,0.3291,53.7618,2.0285,14.9698,0.0416,0.0327,5.018,7.5838,0.1498,9.2489,3.1183,1.1678,0.0011,1.2706,98.7217,0.1062,98.6155,-7227,-30344,195, , ,CR5_PT26,8348.1,12.6832,163,9/17/2020 8:28,Glass (on the basis of 24 O)
7 / 27 . ,0.3249,54.0988,2.0521,15.7644,0.0557,0.0333,4.9095,7.9183,0.1364,9.0583,3.0891,1.2227,0.0074,0.6008,99.2716,0.0519,99.2196,-8295,-30687,195, , ,CR5_PT27,7666.13,12.5357,164,9/17/2020 8:34,Glass (on the basis of 24 O)
7 / 28 . ,0.3993,54.4733,2.1689,16.1749,0.0425,0.0328,3.9288,7.541,0.1468,8.5003,3.222,1.3309,0.0095,0.8568,98.8279,0.0738,98.7541,-8554,-30687,195, , ,CR5_PT28,7463.78,12.4996,165,9/17/2020 8:40,Glass (on the basis of 24 O)
7 / 29 . ,0.3076,54.0949,1.7591,17.0857,0.0488,0.0283,4.503,7.9835,0.1325,8.4067,3.2607,1.2477,0.0101,0.4232,99.2917,0.0378,99.2539,-8715,-30453,195, , ,CR5_PT29,7191.5,12.3959,166,9/17/2020 8:46,Glass (on the basis of 24 O)
7 / 30 . ,0.3073,53.6848,1.9883,16.4578,0.0462,0.0442,4.345,7.8652,0.1549,9.066,3.2044,1.2816,0.0169,0.5908,99.0533,0.0535,98.9998,-9059,-30866,195, , ,CR5_PT30,7200.44,12.51,167,9/17/2020 8:52,Glass (on the basis of 24 O)
7 / 31 . ,0.2798,53.1054,2.0396,16.3636,0.0791,0.0409,4.5557,7.9838,0.1562,9.6471,3.1533,1.242,0.0085,0.4462,99.1011,0.0393,99.0618,-8912,-31161,195, , ,CR5_PT31,7509.8,12.5437,168,9/17/2020 8:58,Glass (on the basis of 24 O)
8 / 1 . ,0.2642,54.2176,2.217,14.6914,0.0543,0.0288,5.3186,6.9449,0.1509,9.7833,2.834,1.27,0.0226,0.5656,98.3631,0.0528,98.3103,-6655,-27295,192, , ,CR6_PT1,7794.15,12.467,169,9/17/2020 9:04,Glass (on the basis of 24 O)
8 / 2 . ,0.314,52.3773,2.1575,15.2953,0.0315,0.0131,5.5151,7.8413,0.1978,10.1615,2.7488,1.0786,0.0037,0.8493,98.5848,0.0717,98.5131,-6479,-27256,192, , ,CR6_PT2,7961.21,12.6579,170,9/17/2020 9:11,Glass (on the basis of 24 O)
8 / 3 . ,0.316,54.1914,2.1922,15.1265,0.0611,0.0344,5.0986,6.9022,0.1553,9.7692,2.8958,1.3596,0,0.4756,98.5779,0.0397,98.5382,-6702,-26994,192, , ,CR6_PT3,7701.92,12.4614,171,9/17/2020 9:17,Glass (on the basis of 24 O)
8 / 4 . ,0.3141,53.4609,2.0349,15.1478,0.032,0.0104,5.17,7.6687,0.1622,9.5584,2.8363,1.1543,0.0168,1.0743,98.6412,0.0938,98.5474,-6659,-26404,192, , ,CR6_PT4,7688.49,12.6525,172,9/17/2020 9:23,Glass (on the basis of 24 O)
8 / 5 . ,0.3065,54.0721,2.048,16.9226,0.0445,0.0191,4.151,7.7343,0.1516,8.3373,3.1319,1.2592,0.0037,0.6778,98.8596,0.0574,98.8021,-6595,-26194,192, , ,CR6_PT5,7743.36,12.4263,173,9/17/2020 9:29,Glass (on the basis of 24 O)
8 / 6 . ,0.3113,53.2669,1.9096,12.7792,0.0423,0.0712,7.2621,8.6531,0.1602,9.47,2.4258,1.0358,0.0053,0.9832,98.3761,0.0833,98.2928,-6595,-25856,192, , ,CR6_PT6,7740.79,12.6307,174,9/17/2020 9:35,Glass (on the basis of 24 O)
8 / 7 . ,0.2629,52.9727,1.6237,12.4716,0.0362,0.0808,8.8232,8.9401,0.1633,9.1478,2.3219,0.9222,0.0116,0.9365,98.7144,0.081,98.6334,-6291,-25684,192, , ,CR6_PT7,8048.95,12.6059,175,9/17/2020 9:41,Glass (on the basis of 24 O)
8 / 8 . ,0.2817,53.5281,1.7343,11.5138,0.0473,0.0857,9.4137,8.9572,0.1629,9.5929,2.3284,0.8323,0.0058,0.6585,99.1426,0.0564,99.0862,-6090,-25684,192, , ,CR6_PT8,8249.83,12.6168,176,9/17/2020 9:47,Glass (on the basis of 24 O)
8 / 9 . ,0.1985,52.6711,1.4715,14.6852,0.0395,0.0476,7.8076,8.8604,0.1311,9.3471,2.434,0.9221,0.0042,0.4765,99.0964,0.0408,99.0556,-5985,-26042,192, , ,CR6_PT9,8350.35,12.5063,177,9/17/2020 9:53,Glass (on the basis of 24 O)
8 / 10 . ,0.2873,53.9922,1.6172,15.6064,0.0284,0.0319,6.475,8.33,0.1138,8.4173,2.8551,1.1275,0.0026,0.3724,99.257,0.0317,99.2253,-5906,-26188,192, , ,CR6_PT10,8431.93,12.3753,178,9/17/2020 9:59,Glass (on the basis of 24 O)
8 / 11 . ,0.199,52.7092,1.5203,9.7103,0.0393,0.1326,11.7303,8.8907,0.1738,11.0566,2.0051,0.6971,0.0158,0.3845,99.2646,0.036,99.2286,-5647,-26188,192, , ,CR6_PT11,8690.84,12.6842,179,9/17/2020 10:05,Glass (on the basis of 24 O)
8 / 12 . ,0.284,53.1608,1.6491,11.0178,0.0324,0.0836,10.0286,8.6768,0.1769,10.3815,2.1862,0.8005,0,0.5783,99.0563,0.0482,99.0081,-5595,-26613,192, , ,CR6_PT12,8763.92,12.6452,180,9/17/2020 10:11,Glass (on the basis of 24 O)
8 / 13 . ,0.4006,54.8734,2.107,15.088,0.0751,0.0322,4.6116,7.0734,0.1471,9.2425,3.1255,1.4753,0.0074,0.5136,98.7725,0.0447,98.7278,-5285,-26888,192, , ,CR6_PT13,9096.85,12.4502,181,9/17/2020 10:17,Glass (on the basis of 24 O)
8 / 14 . ,0.333,53.9879,1.7997,14.102,0.0242,0.0579,7.1456,6.9737,0.1529,9.7892,2.8295,1.0412,0.0053,0.8241,99.0659,0.07,98.9959,-5073,-27201,192, , ,CR6_PT14,9343.98,12.5815,182,9/17/2020 10:23,Glass (on the basis of 24 O)
8 / 15 . ,0.3237,53.2941,2.0036,13.0836,0.0452,0.0104,6.6184,9.9452,0.1664,9.2662,2.527,0.9202,0.0016,0.759,98.9646,0.0637,98.9009,-4789,-26515,192, , ,CR6_PT15,9561.78,12.6713,183,9/17/2020 10:29,Glass (on the basis of 24 O)
8 / 16 . ,0.3917,54.5928,2.1263,15.2256,0.0496,0.0159,4.4918,7.4803,0.1592,9.0875,3.0153,1.3949,0.0184,0.8829,98.9322,0.0782,98.854,-4794,-26289,192, , ,CR6_PT16,9546.47,12.5843,184,9/17/2020 10:35,Glass (on the basis of 24 O)
8 / 17 . ,0.3365,53.8426,2.1019,14.929,0.0512,0.0475,4.9075,7.4893,0.141,9.3607,2.956,1.2493,0.0058,1.0017,98.4201,0.085,98.3351,-4870,-26087,192, , ,CR6_PT17,9465.78,12.5857,185,9/17/2020 10:41,Glass (on the basis of 24 O)
8 / 18 . ,0.3459,52.6541,2.1983,15.1635,0.0376,0.0302,5.5094,7.9786,0.1417,10.4296,2.8363,1.108,0.0016,0.4601,98.8951,0.0388,98.8563,-5070,-26087,192, , ,CR6_PT18,9265.8,12.6078,186,9/17/2020 10:47,Glass (on the basis of 24 O)
8 / 19 . ,0.3335,53.9931,1.9838,15.0754,0.0509,0.0408,5.2898,7.8864,0.1442,9.3358,2.9601,1.189,0.0026,0.5507,98.8361,0.0466,98.7896,-5185,-25952,192, , ,CR6_PT19,9150.02,12.4975,187,9/17/2020 10:53,Glass (on the basis of 24 O)
8 / 20 . ,0.3246,53.883,1.9194,15.0505,0.0488,0.0349,5.5027,7.7849,0.1895,9.3329,2.7312,1.183,0.01,0.8037,98.7989,0.0695,98.7294,-5365,-25558,192, , ,CR6_PT20,8979.28,12.5672,188,9/17/2020 10:59,Glass (on the basis of 24 O)
8 / 21 . ,0.3329,53.5078,1.931,15.6558,0.0566,0.0426,5.4127,7.7122,0.1353,8.891,2.713,1.096,0.009,0.9052,98.4011,0.0777,98.3234,-5867,-25097,192, , ,CR6_PT21,8512.48,12.4924,189,9/17/2020 11:05,Glass (on the basis of 24 O)
8 / 22 . ,0.2786,53.726,1.6687,17.9469,0.0363,0.0373,4.3433,7.7069,0.1142,7.7903,3.3599,1.2858,0.0048,0.4658,98.7645,0.04,98.7245,-5083,-25136,192, , ,CR6_PT22,9289.16,12.2609,190,9/17/2020 11:11,Glass (on the basis of 24 O)
8 / 23 . ,0.4164,54.2303,2.3704,15.5556,0.055,0,3.5167,7.336,0.1248,8.7808,3.1961,1.3259,0,1.4303,98.3384,0.1193,98.2191,-5520,-24898,192, , ,CR6_PT23,8879.47,12.6529,191,9/17/2020 11:17,Glass (on the basis of 24 O)
8 / 24 . ,0.2258,52.3872,1.5999,13.3288,0.0361,0.0638,8.7941,8.5288,0.164,9.6564,2.3326,0.8475,0.0058,0.7922,98.763,0.0675,98.6955,-6061,-24680,192, , ,CR6_PT24,8373.35,12.5902,192,9/17/2020 11:23,Glass (on the basis of 24 O)
8 / 25 . ,0.3038,53.2427,1.8987,14.1695,0.052,0.0461,6.7445,7.8691,0.1444,9.9647,2.5573,1.0217,0,0.5355,98.5502,0.0447,98.5055,-6003,-25034,192, , ,CR6_PT25,8383.97,12.5132,193,9/17/2020 11:29,Glass (on the basis of 24 O)
8 / 26 . ,0.28,53.2942,1.9377,13.6802,0.0315,0.0294,7.3328,8.073,0.1821,10.2087,2.3848,0.9136,0.0137,0.4664,98.828,0.0423,98.7857,-5785,-25257,192, , ,CR6_PT26,8579.35,12.5583,194,9/17/2020 11:35,Glass (on the basis of 24 O)
8 / 27 . ,0.2944,53.2031,1.818,13.5688,0.0598,0.0632,7.6881,8.1152,0.2109,10.4656,2.4637,0.936,0,0.3825,99.2693,0.0319,99.2374,-5476,-25588,192, , ,CR6_PT27,8867.07,12.611,195,9/17/2020 11:41,Glass (on the basis of 24 O)
8 / 28 . ,0.3722,53.8145,2.043,15.1566,0.0546,0.0322,5.1367,7.8292,0.1763,9.2713,2.8884,1.2093,0.0126,0.7696,98.7665,0.0673,98.6992,-5175,-26003,192, , ,CR6_PT28,9160.08,12.5568,196,9/17/2020 11:47,Glass (on the basis of 24 O)
8 / 29 . ,0.3601,54.2223,2.1327,16.3465,0.0415,0,3.8269,7.5443,0.1342,8.741,3.0538,1.3666,0.019,0.9477,98.7366,0.0838,98.6528,-4803,-26342,192, , ,CR6_PT29,9539.42,12.542,197,9/17/2020 11:53,Glass (on the basis of 24 O)
8 / 30 . ,0.3218,53.5169,1.8667,13.9511,0.0451,0.0389,6.466,7.9081,0.1591,9.8152,2.7376,1.1482,0.0058,0.8763,98.8568,0.0745,98.7823,-6797,-26481,192, , ,CR6_PT30,7555.58,12.6466,198,9/17/2020 11:59,Glass (on the basis of 24 O)
9 / 1 . ,0.3069,53.5095,2.1875,14.4609,0.0517,0.0059,5.1163,7.6116,0.1576,10.0545,2.9142,1.2544,0.0237,0.9436,98.5982,0.0846,98.5136,-6999,-23254,178, , ,CR7_PT1,7821.24,12.676,199,9/17/2020 12:05,Glass (on the basis of 24 O)
9 / 2 . ,0.3231,53.2793,2.2592,14.3456,0.0468,0.0308,5.3881,7.1104,0.1592,9.9007,3.0502,1.3363,0,1.0709,98.3006,0.0893,98.2113,-7426,-23431,178, , ,CR7_PT2,7359.38,12.6451,200,9/17/2020 12:11,Glass (on the basis of 24 O)
9 / 3 . ,0.5056,53.3496,1.9934,16.8779,0.0491,0.0109,3.9701,7.4472,0.139,8.694,3.3133,1.4997,0.0154,0.4175,98.2826,0.0386,98.2439,-7885,-23597,178, , ,CR7_PT3,6871.29,12.3174,201,9/17/2020 12:17,Glass (on the basis of 24 O)
9 / 4 . ,0.367,53.7724,2.2008,15.6543,0.0666,0.0313,3.822,6.755,0.1528,9.4656,3.0864,1.5631,0,1.0117,97.949,0.0844,97.8646,-8013,-22901,178, , ,CR7_PT4,7025.8,12.5358,202,9/17/2020 12:24,Glass (on the basis of 24 O)
9 / 5 . ,0.3152,54.7907,2.0361,16.5355,0.054,0.0177,3.7405,6.7083,0.1192,9.0235,3.2053,1.5459,0.0069,0.6291,98.7279,0.0542,98.6737,-8027,-22540,178, , ,CR7_PT5,7178.33,12.4311,203,9/17/2020 12:30,Glass (on the basis of 24 O)
9 / 6 . ,0.32,53.0384,2.1787,15.7334,0.0607,0.0358,4.1339,6.9329,0.1569,9.9318,3.0567,1.4636,0.0005,0.9238,97.9672,0.0772,97.89,-8174,-22480,178, , ,CR7_PT6,7078.85,12.5644,204,9/17/2020 12:36,Glass (on the basis of 24 O)
9 / 7 . ,0.3831,54.2187,2,15.8702,0.0473,0.0191,4.0241,6.891,0.127,9.0078,3.2173,1.4862,0.0016,1.5361,98.8295,0.1285,98.701,-8259,-22163,178, , ,CR7_PT7,7168.03,12.7282,205,9/17/2020 12:42,Glass (on the basis of 24 O)
9 / 8 . ,0.4295,55.2538,2.2705,14.4388,0.0679,0.0154,4.236,6.86,0.1479,9.3425,3.1589,1.6186,0.0111,0.9068,98.7578,0.0784,98.6794,-8438,-21770,178, , ,CR7_PT8,7237.48,12.5891,206,9/17/2020 12:48,Glass (on the basis of 24 O)
9 / 9 . ,0.2409,53.7367,1.2819,19.2821,0.0444,0.0238,3.9575,8.2419,0.095,7.0009,3.38,1.3112,0.0085,0.6884,99.2931,0.0595,99.2336,-8556,-21757,178, , ,CR7_PT9,7149.3,12.3069,207,9/17/2020 12:54,Glass (on the basis of 24 O)
9 / 10 . ,0.3711,54.1696,1.9741,15.7458,0.042,0.0336,4.0377,7.5383,0.1296,5.128,1.5134,0.5591,0.0085,0.9174,92.1684,0.0786,92.0898,-8840,-20984,169, , ,CR7_PT10,7417.25,11.3701,208,9/17/2020 13:00,Glass (on the basis of 24 O)
9 / 11 . ,0.3458,54.1919,1.817,15.7652,0.049,0.0141,5.293,7.4253,0.1666,8.7288,3.0776,1.2826,0.0101,0.7222,98.8891,0.0627,98.8264,-8912,-20984,171, , ,CR7_PT11,7364.06,12.4574,209,9/17/2020 13:06,Glass (on the basis of 24 O)
9 / 12 . ,0,0.0618,0.0094,0.0393,0.0016,0.0105,0.0012,0.0143,0.0025,0.0578,0,0,0.0968,0,0.2953,0.0242,0.2711,-8734,-22341,178, , ,CR7_PT12,6671.72,0.0422,210,9/17/2020 13:12,Glass (on the basis of 24 O)
9 / 13 . ,0,0.2257,0.0108,0.0714,0.0187,0.0166,0.0197,0.0388,0.0121,0.0722,0.0015,0.0116,0.1049,0,0.6039,0.0262,0.5777,-8698,-22514,178, , ,CR7_PT13,6610,0.0844,211,9/17/2020 13:18,Glass (on the basis of 24 O)
9 / 14 . ,0.3639,54.2348,2.0519,16.4914,0.0487,0.0041,3.57,7.6305,0.1448,7.6951,3.4125,1.4585,0.0085,1.1801,98.2949,0.1005,98.1944,-9128,-22252,178, , ,CR7_PT14,6395.83,12.4571,212,9/17/2020 13:24,Glass (on the basis of 24 O)
9 / 15 . ,0.0051,0.0372,0,0.0178,0.0131,0.005,0,0.0045,0.0077,0.0036,0,0.0041,0.1346,0,0.2326,0.0336,0.199,-9190,-22775,178, , ,CR7_PT15,6054.22,0.0286,213,9/17/2020 13:30,Glass (on the basis of 24 O)
9 / 16 . ,0,0.038,0.0004,0.0232,0.0048,0,0.0018,0,0,0.0259,0.0067,0,0.0699,0,0.1707,0.0174,0.1532,-9097,-22844,178, , ,CR7_PT16,6097.83,0.0135,214,9/17/2020 13:36,Glass (on the basis of 24 O)
9 / 17 . ,0.0016,0.0445,0,0.0111,0,0,0,0.0076,0,0.0278,0.004,0,0.0747,0.0007,0.172,0.0187,0.1533,-8967,-22917,178, , ,CR7_PT17,6173.48,0.0223,215,9/17/2020 13:42,Glass (on the basis of 24 O)
9 / 18 . ,0.0073,0.0466,0.019,0.0184,0,0.005,0.0038,0.0016,0,0.0806,0,0,0.0643,0.0126,0.2594,0.0171,0.2422,-7654,-22229,178, , ,CR7_PT18,7655.13,0.0409,216,9/17/2020 13:48,Glass (on the basis of 24 O)
9 / 19 . ,0.3946,55.8696,1.9422,15.4477,0.0713,0.0223,4.2354,6.4684,0.1292,8.4265,3.2882,1.7568,0.0106,0.9114,98.9743,0.0786,98.8957,-7605,-21912,178, , ,CR7_PT19,7856.71,12.4757,217,9/17/2020 13:54,Glass (on the basis of 24 O)
9 / 20 . ,0.2253,54.004,2.1793,14.2437,0.0542,0.048,5.112,6.922,0.1513,10.1615,2.9321,1.3868,0.0206,1.1358,98.5767,0.0998,98.4768,-7247,-21929,178, , ,CR7_PT20,8157.03,12.7165,218,9/17/2020 14:00,Glass (on the basis of 24 O)
9 / 21 . ,0,0.046,0.0012,0.024,0.0042,0.0095,0,0.0172,0.0117,0.1102,0.0115,0.0067,0.0919,0,0.3341,0.0229,0.3111,-7012,-21803,178, , ,CR7_PT21,8423.59,0.0361,219,9/17/2020 14:06,Glass (on the basis of 24 O)
9 / 22 . ,0.0035,0.0838,0.0079,0.0554,0.0053,0.0123,0.0134,0.0194,0,0.0111,0.006,0.004,0.0953,0,0.3173,0.0238,0.2935,-6465,-21871,178, , ,CR7_PT22,8871.64,0.0368,220,9/17/2020 14:12,Glass (on the basis of 24 O)
9 / 23 . ,0,0,0,0,0,0,0,0,0,0,0,0,0,0,0,0,0,-6608,-20923,172, , ,CR7_PT23,9227.05,0,221,9/17/2020 14:18,Glass (on the basis of 24 O)
9 / 24 . ,0,0,0,0,0,0,0,0,0,0,0,0,0,0,0,0,0,.,.,., , ,CR7_PT24,29660.72,0,222,9/16/2020 16:08,Glass (on the basis of 24 O)
9 / 25 . ,0,0,0,0,0,0,0,0,0,0,0,0,0,0,0,0,0,.,.,., , ,CR7_PT25,29660.72,0,223,9/16/2020 16:08,Glass (on the basis of 24 O)
9 / 26 . ,0,0,0,0,0,0,0,0,0,0,0,0,0,0,0,0,0,.,.,., , ,CR7_PT26,29660.72,0,224,9/16/2020 16:08,Glass (on the basis of 24 O)
9 / 27 . ,0,0,0,0,0,0,0,0,0,0,0,0,0,0,0,0,0,.,.,., , ,CR7_PT27,29660.72,0,225,9/16/2020 16:08,Glass (on the basis of 24 O)
9 / 28 . ,0,0,0,0,0,0,0,0,0,0,0,0,0,0,0,0,0,.,.,., , ,CR7_PT28,29660.72,0,226,9/16/2020 16:08,Glass (on the basis of 24 O)
10 / 1 . ,0.34,52.7404,2.2489,16.2624,0.0514,0.0314,4.4122,8.0395,0.1305,9.0844,3.2704,1.2513,0.009,0.9724,98.844,0.0833,98.7607,-8840,-20984,169, , ,CR7_PT29,7417.25,12.6273,227,9/17/2020 14:40,Glass (on the basis of 24 O)
10 / 2 . ,0.3011,53.5093,1.9491,16.3997,0.0383,0.0319,4.3403,7.6987,0.1236,8.5831,3.3366,1.3255,0,0.805,98.4422,0.0671,98.3751,-8912,-20984,171, , ,CR7_PT30,7364.06,12.4407,228,9/17/2020 14:46,Glass (on the basis of 24 O)
10 / 3 . ,0.3351,52.3613,2.1263,13.5998,0.0516,0.0525,6.8235,7.039,0.1789,10.378,2.8281,1.3186,0.0263,1.0003,98.1194,0.09,98.0294,-8734,-22341,178, , ,CR7_PT31,6671.72,12.6471,229,9/17/2020 14:52,Glass (on the basis of 24 O)
10 / 4 . ,0.3181,53.0875,2.1008,14.1649,0.0513,0.0358,6.3276,7.0445,0.1591,10.2241,3.0103,1.3603,0.0047,0.8513,98.7404,0.0722,98.6683,-8698,-22514,178, , ,CR7_PT32,6610,12.6474,230,9/17/2020 14:58,Glass (on the basis of 24 O)
10 / 5 . ,0.3575,54.418,1.9589,14.3791,0.0428,0.039,6.2154,6.6552,0.1538,9.4722,3.0082,1.4042,0.0053,0.8658,98.9753,0.0735,98.9018,-9128,-22252,172, , ,CR7_PT33,6395.84,12.5649,231,9/17/2020 15:04,Glass (on the basis of 24 O)
10 / 6 . ,0.3678,53.9895,2.1386,13.4936,0.0545,0.0389,6.9442,6.6075,0.2025,10.81,2.8282,1.2994,0.0053,0.3814,99.1614,0.0331,99.1283,-9190,-22775,178, , ,CR7_PT34,6054.22,12.5897,232,9/17/2020 15:10,Glass (on the basis of 24 O)
10 / 7 . ,0.3349,54.1502,1.4874,14.8843,0.0251,0.0136,6.4806,6.7635,0.1754,9.4205,2.9748,1.2985,0.0074,0.7539,98.7701,0.0647,98.7054,-9097,-22844,178, , ,CR7_PT35,6097.83,12.4725,233,9/17/2020 15:16,Glass (on the basis of 24 O)
10 / 8 . ,0.3352,54.1272,1.4501,17.6472,0.0467,0.0132,4.8854,7.0534,0.1328,7.8228,3.3463,1.382,0.0011,0.6759,98.9192,0.0566,98.8626,-8971,-22877,174, , ,CR7_PT36,6189.87,12.302,234,9/17/2020 15:22,Glass (on the basis of 24 O)
10 / 9 . ,0.3562,56.2802,1.6853,16.4695,0.0302,0.0279,4.3573,6.5773,0.1261,7.9774,3.4928,1.6066,0.0101,0.5162,99.5129,0.0456,99.4674,-7690,-22170,172, , ,CR7_PT37,7652.83,12.3364,235,9/17/2020 15:28,Glass (on the basis of 24 O)
10 / 10 . ,0.2997,55.258,1.2545,17.3039,0.0191,0.0165,4.5441,7.0047,0.1047,7.4718,3.5474,1.4795,0.0112,0.3859,98.7009,0.035,98.6659,-7605,-21912,178, , ,CR7_PT38,7856.71,12.1376,236,9/17/2020 15:34,Glass (on the basis of 24 O)
10 / 11 . ,0.2906,54.1467,1.9522,15.6493,0.0499,0.0205,4.7784,7.735,0.1649,8.7399,3.0561,1.3699,0.0058,0.5809,98.54,0.0499,98.4902,-7247,-21929,178, , ,CR7_PT39,8157.03,12.4102,237,9/17/2020 15:40,Glass (on the basis of 24 O)
10 / 12 . ,0.248,55.8695,1.9915,14.6588,0.0553,0.0018,5.0587,7.8091,0.1464,8.7215,2.9827,1.3712,0.0074,0.5273,99.4492,0.0458,99.4034,-7012,-21803,170, , ,CR7_PT40,8423.6,12.4941,238,9/17/2020 15:46,Glass (on the basis of 24 O)
10 / 13 . ,0.2733,53.1605,2.4221,15.8098,0.0488,0.0448,4.2457,7.3188,0.147,10.4104,3.169,1.3077,0.0169,0.5582,98.933,0.0508,98.8823,-6465,-21871,178, , ,CR7_PT41,8871.64,12.6325,239,9/17/2020 15:52,Glass (on the basis of 24 O)
10 / 14 . ,0.2557,54.2048,2.2102,14.5439,0.0682,0.0399,5.637,7.2692,0.1616,10.1504,2.8224,1.286,0.01,0.7642,99.4235,0.0662,99.3573,-6608,-20902,171, , ,CR7_PT42,9238.55,12.7053,240,9/17/2020 15:58,Glass (on the basis of 24 O)
10 / 15 . ,0.1936,54.0057,2.5769,14.7685,0.0632,0.0422,4.8365,6.8722,0.143,10.0516,2.8577,1.4318,0.0121,0.6703,98.5254,0.0589,98.4665,-6845,-20923,171, , ,CR7_PT43,9029.51,12.5752,241,9/17/2020 16:04,Glass (on the basis of 24 O)
10 / 16 . ,0.3372,53.5792,2.0189,14.7151,0.0489,0.0295,5.583,7.0905,0.1579,10.0158,3.021,1.4717,0.019,0.7079,98.7955,0.0638,98.7317,-7330,-20898,175, , ,CR7_PT44,8646.08,12.5924,242,9/17/2020 16:10,Glass (on the basis of 24 O)
10 / 17 . ,0.3507,53.8172,1.9416,14.2927,0.0522,0.0032,5.7732,7.098,0.1516,9.5957,3.0483,1.4093,0.0069,0.8953,98.4358,0.0764,98.3594,-7802,-20739,174, , ,CR7_PT45,8366.7,12.5538,243,9/17/2020 16:16,Glass (on the basis of 24 O)
10 / 18 . ,0.2711,53.8186,1.4533,18.1373,0.0464,0.0078,4.1561,8.2446,0.1244,7.1395,3.3654,1.2199,0.0058,0.7396,98.7301,0.0631,98.6669,-8436,-20663,169, , ,CR7_PT46,7932.22,12.2845,244,9/17/2020 16:22,Glass (on the basis of 24 O)
10 / 19 . ,0.2784,54.2614,1.6569,16.7159,0.0405,0.0237,5.0149,7.4511,0.129,8.1329,3.291,1.2864,0.0101,0.9049,99.197,0.078,99.1191,-8562,-20691,165, , ,CR7_PT47,7820.07,12.4683,245,9/17/2020 16:28,Glass (on the basis of 24 O)
11 / 1 . ,0.059,47.3421,0.9365,14.9566,0.071,0.0706,10.2383,12.8939,0.1791,10.4664,1.5046,0.0142,0.0119,0.7822,99.5264,0.0682,99.4582,-13361,-26153,178, , ,H9 BIR-1,991.8,12.9235,246,9/17/2020 16:34,Glass (on the basis of 24 O)
11 / 2 . ,0.0571,47.225,0.9576,15.174,0.0592,0.0747,9.7573,13.0138,0.1646,10.3178,1.7968,0.0208,0.015,0.5625,99.1962,0.0507,99.1456,-13435,-25845,178, , ,H9 BIR-1,908.11,12.8091,247,9/17/2020 16:41,Glass (on the basis of 24 O)
11 / 3 . ,0.0378,47.6032,0.9277,15.058,0.0576,0.0532,10.0827,13.0424,0.1733,10.3175,1.6877,0.0099,0.0151,0.2163,99.2824,0.0218,99.2606,-13577,-25845,177, , ,H9 BIR-1,767.61,12.7082,248,9/17/2020 16:47,Glass (on the basis of 24 O)
11 / 4 . ,0.0357,47.4858,0.9891,15.4663,0.0483,0.0644,9.8426,12.9564,0.2025,10.4966,1.7782,0.0222,0.0068,0.2168,99.6116,0.0198,99.5918,-13274,-25606,178, , ,H9 BIR-1,1120.42,12.7658,249,9/17/2020 16:53,Glass (on the basis of 24 O)
11 / 5 . ,0.0679,47.9227,0.9423,15.4918,0.061,0.0817,9.7357,12.8058,0.1599,10.165,1.7426,0.0331,0.0005,0.3764,99.5861,0.0315,99.5546,-13269,-25280,172, , ,H9 BIR-1,1267.7,12.7634,250,9/17/2020 16:59,Glass (on the basis of 24 O)
11 / 6 . ,0.0353,47.51,1.0852,15.3654,0.0495,0.0703,9.8639,12.8586,0.2025,10.8131,1.7761,0.0279,0.0172,0.0008,99.6758,0.0044,99.6714,-14040,-26274,178, , ,H9 BIR-1,426.5,12.742,251,9/17/2020 17:05,Glass (on the basis of 24 O)
11 / 7 . ,0.0315,47.585,1.0251,15.3936,0.0815,0.0867,9.747,12.9746,0.2091,10.4525,1.821,0.0293,0.0193,0.0485,99.5046,0.0089,99.4957,-14386,-26224,178, , ,H9 BIR-1,263.02,12.7061,252,9/17/2020 17:11,Glass (on the basis of 24 O)
11 / 8 . ,0.037,47.34,0.9354,15.9669,0.0615,0.0614,9.5929,12.9474,0.1803,10.2481,1.8866,0.0227,0.0141,0.0132,99.3075,0.0046,99.3029,-14801,-26097,177, , ,H9 BIR-1,484.09,12.6365,253,9/17/2020 17:17,Glass (on the basis of 24 O)
11 / 9 . ,0.0324,47.7341,1,15.2004,0.0652,0.0578,9.8272,13.3654,0.1604,10.1998,1.8051,0.0236,0.0099,0.0957,99.577,0.0105,99.5666,-13846,-27182,182, , ,H9 BIR-1,1310.64,12.7122,254,9/17/2020 17:23,Glass (on the basis of 24 O)
11 / 10 . ,0.0571,47.5967,0.9235,15.5929,0.0618,0.0727,9.6147,12.9791,0.1927,10.0828,1.7558,0.0308,0.0073,0.6413,99.609,0.0553,99.5537,-13918,-27535,179, , ,H9 BIR-1,1623.47,12.8514,255,9/17/2020 17:29,Glass (on the basis of 24 O)
