,P2O5,SiO2,TiO2,Al2O3,V2O3,Cr2O3,MgO,CaO,MnO,FeO,ZnO,Na2O,K2O,S,Total,O=S,Total,X,Y,Z,Beam X,Beam Y,Comment,Distance (µ),Mean Z,Point#,Date,Geo Specie
9 / 1 . ,,0.0884,19.0735,2.5658,0.6106,0.4594,1.4392,0.1026,0.3811,70.3355,0.0685,,,,95.1245,0,95.1245,5651,30148,258, , ,CR1A2_1 Pt10,39.32,19.3405,9,2/25/2020 9:48,Spinel (on the basis of 4 O)
10 / 1 . ,,0.1598,18.8273,2.3253,0.5215,0.1654,1.1981,0.1825,0.4389,70.9213,0.1488,,,,94.8889,0,94.8889,5713,30084,258, , ,CR1A2_1 Pt11,120.32,19.3602,10,2/25/2020 9:58,Spinel (on the basis of 4 O)
1 / 1 . ,0.1429,57.4112,0.612,24.3808,,0,0.2406,8.1469,0,2.2004,,6.1059,0.8396,0,100.0804,0,100.0804,5651,30187,253, , ,CR1A2_1 Pt2,0,11.5408,1,2/25/2020 8:32,Glass (on the basis of 24 O)
2 / 1 . ,0.8554,61.0301,3.0573,11.6754,,0.0106,0.8901,2.3246,0.1692,8.3988,,1.9708,3.5584,0.0094,93.9501,0.0024,93.9478,5651,30185,253, , ,CR1A2_1 Pt3,2,11.6083,2,2/25/2020 8:40,Glass (on the basis of 24 O)
3 / 1 . ,1.0308,58.1234,3.8007,12.9525,,0,1.0242,3.3184,0.1598,10.1897,,2.5868,2.9191,0.0073,96.1126,0.0018,96.1108,5716,30109,253, , ,CR1A2_1 Pt4,101.53,12.0911,3,2/25/2020 8:48,Glass (on the basis of 24 O)
4 / 1 . ,1.3883,62.8742,3.5427,9.1871,,0,1.206,2.6023,0.1999,10.2966,,1.943,3.8251,0.0157,97.0808,0.0039,97.0769,5707,30198,253, , ,CR1A2_1 Pt5,57.07,12.2254,4,2/25/2020 8:58,Glass (on the basis of 24 O)
5 / 1 . ,1.4053,59.2414,3.8531,12.2169,,0,1.4092,3.6655,0.1973,10.0855,,2.5712,1.1062,0.0105,95.7622,0.0026,95.7596,5845,30139,253, , ,CR1A2_1 Pt6,199.85,11.9564,5,2/25/2020 9:10,Glass (on the basis of 24 O)
6 / 1 . ,0.4706,68.3092,1.8865,11.5799,,0,0.3261,1.4179,0.0715,4.342,,1.9536,4.9341,0,95.2913,0,95.2913,5824,30175,253, , ,CR1A2_1 Pt7,173.42,11.2578,6,2/25/2020 9:19,Glass (on the basis of 24 O)
7 / 1 . ,1.4549,61.3124,3.2465,10.2187,,0,1.2143,3.5697,0.1597,9.9886,,2.0577,3.4264,0.0064,96.6552,0.0016,96.6536,5786,30199,258, , ,CR1A2_1 Pt8,135.62,12.152,7,2/25/2020 9:28,Glass (on the basis of 24 O)
8 / 1 . ,0.8896,67.8528,2.3451,13.4352,,0,0.4758,2.6559,0.0864,5.0917,,4.4447,2.9268,0.0043,100.2082,0.0011,100.2071,5611,30278,258, , ,CR1A2_1 Pt9,99.53,11.828,8,2/25/2020 9:38,Glass (on the basis of 24 O)
11 / 1 . ,1.1346,64.4729,3.5739,11.7865,,0.0336,0.9011,2.5729,0.1544,9.3551,,2.2205,4.1896,0,100.395,0,100.395,-9101,24913,276, , ,CR1A2_2 Pt1,15666.43,12.4934,11,2/25/2020 10:16,Glass (on the basis of 24 O)
12 / 1 . ,1.2836,65.6739,3.5355,9.9702,,0.0126,0.8387,2.3527,0.1336,8.5538,,1.8361,4.0457,0.0203,98.2565,0.0051,98.2514,-9138,24955,276, , ,CR1A2_2 Pt2,15687.22,12.1519,12,2/25/2020 10:25,Glass (on the basis of 24 O)
13 / 1 . ,1.1906,60.9201,4.2585,9.5346,,0.0543,1.314,2.8101,0.2356,10.8732,,1.6343,3.37,0.019,96.2143,0.0047,96.2095,-9194,24982,276, , ,CR1A2_2 Pt3,15731.07,12.2284,13,2/25/2020 10:33,Glass (on the basis of 24 O)
14 / 1 . ,1.6111,57.8319,5.1046,9.9962,,0.0272,1.6891,3.4026,0.2555,11.6214,,1.7091,3.8531,0,97.1017,0,97.1017,-9216,24880,276, , ,CR1A2_2 Pt4,15785.83,12.5166,14,2/25/2020 10:45,Glass (on the basis of 24 O)
15 / 1 . ,1.2985,62.074,2.8559,12.755,,0.0235,0.9151,3.6246,0.1341,9.0281,,2.592,2.4515,0.009,97.7614,0.0022,97.7592,-9013,24874,276, , ,CR1A2_2 Pt5,15596.84,12.0773,15,2/25/2020 10:54,Glass (on the basis of 24 O)
16 / 1 . ,1.0295,64.408,3.5953,11.5379,,0.026,0.8876,3.522,0.1242,9.47,,3.4246,2.3143,0.0193,100.3586,0.0048,100.3538,-8968,24964,276, , ,CR1A2_2 Pt6,15524.03,12.4303,16,2/25/2020 11:03,Glass (on the basis of 24 O)
17 / 1 . ,1.0472,62.2047,3.941,10.1473,,0,0.9706,3.228,0.1405,9.9343,,1.6339,3.587,0.0168,96.8512,0.0042,96.847,-9016,25028,276, , ,CR1A2_2 Pt7,15547.88,12.1944,17,2/25/2020 11:11,Glass (on the basis of 24 O)
1 / 1 . ,0.5264,51.6529,1.7237,19.4951,,0.0054,1.2571,6.3927,0.0811,6.1386,,3.6602,1.6895,0.0074,92.63,0.0019,92.6281,4551,28471,196, , ,CR1A3_1 PT1,0,11.2207,1,1/16/2020 8:54,Glass (on the basis of 24 O)
2 / 1 . ,0.6744,46.8817,2.2063,19.4496,,0.0108,0.987,5.1825,0.0878,6.7541,,3.1,1.3828,0.0288,86.7458,0.0072,86.7386,4535,28532,196, , ,CR1A3_1 PT2,63.06,10.5985,2,1/16/2020 9:04,Glass (on the basis of 24 O)
3 / 1 . ,0.5245,47.3815,1.7689,18.6954,,0,2.1944,5.9784,0.1259,6.8677,,3.0052,1.314,0.0362,87.8921,0.009,87.8831,4501,28483,196, , ,CR1A3_1 PT3,51.42,10.7508,3,1/16/2020 9:14,Glass (on the basis of 24 O)
5 / 1 . ,0.5398,40.9496,3.7808,16.6241,,0.0193,3.0349,5.1814,0.1261,13.5388,,1.988,1.0106,0.0409,86.8344,0.0102,86.8242,4559,28549,196, , ,CR1A3_1 PT5,78.41,11.4393,5,1/16/2020 9:39,Glass (on the basis of 24 O)
6 / 1 . ,1.0441,56.613,2.0032,22.965,,0.0134,0.6855,3.2218,0.0794,5.3444,,5.3273,1.2446,0.0238,98.5655,0.0059,98.5595,4559,28576,196, , ,CR1A3_1 PT6,105.3,11.5674,6,1/16/2020 9:49,Glass (on the basis of 24 O)
7 / 1 . ,0.9475,64.2579,3.2912,11.7515,,0.0179,1.2133,3.8091,0.1568,9.5448,,2.6687,3.1571,0.0149,100.8308,0.0037,100.827,-2395,23022,196, , ,CR1A3_2 PT1,8828.28,12.5477,7,1/16/2020 10:24,Glass (on the basis of 24 O)
8 / 1 . ,1.09,62.4693,3.5185,9.6559,,0,0.8163,2.5778,0.1274,9.077,,1.0721,3.9932,0.0045,94.402,0.0011,94.4009,-2361,23028,196, , ,CR1A3_2 PT2,8797.84,11.8027,8,1/16/2020 10:33,Glass (on the basis of 24 O)
9 / 1 . ,0.6957,69.1571,1.7587,12.6912,,0.0212,0.3821,2.2788,0.0885,3.6759,,2.576,4.2221,0.0148,97.5621,0.0037,97.5584,-2426,23027,196, , ,CR1A3_2 PT3,8849.61,11.4262,9,1/16/2020 10:43,Glass (on the basis of 24 O)
11 / 1 . ,1.2054,67.8453,2.1809,12.2354,,0.0057,0.5711,2.317,0.112,5.7149,,2.1237,3.9678,0.0102,98.2894,0.0026,98.2869,-2317,23118,196, , ,CR1A3_2 PT5,8707.7,11.7474,11,1/16/2020 11:05,Glass (on the basis of 24 O)
12 / 1 . ,0.3867,65.4084,0.9007,18.8829,,0,0.1682,4.3936,0.0318,2.0923,,5.9875,1.9381,0.0128,100.203,0.0032,100.1998,-2300,23164,196, , ,CR1A3_2 PT6,8666.05,11.4256,12,1/16/2020 11:17,Glass (on the basis of 24 O)
13 / 1 . ,0.5789,68.2543,2.1693,11.3384,,0.0036,0.8394,2.3247,0.1547,7.2766,,1.6442,3.8264,0.0011,98.4113,0.0003,98.411,-2338,23068,196, , ,CR1A3_2 PT7,8755.04,11.9315,13,1/16/2020 11:30,Glass (on the basis of 24 O)
14 / 1 . ,1.1639,63.0326,4.6216,9.8882,,0.0115,1.1513,2.9873,0.1636,11.2875,,1.7436,3.278,0.0137,99.3429,0.0034,99.3395,5245,24577,196, , ,CR1A3_3 PT1,3955.36,12.6256,14,1/16/2020 12:56,Glass (on the basis of 24 O)
15 / 1 . ,0.8643,64.0332,3.1904,11.3148,,0,1.01,3.504,0.1289,9.0806,,3.1614,2.2345,0.0112,98.5334,0.0028,98.5306,5256,24551,196, , ,CR1A3_3 PT2,3982.89,12.1587,15,1/16/2020 13:05,Glass (on the basis of 24 O)
16 / 1 . ,1.1745,61.0738,4.2072,9.9402,,0,1.0947,3.1661,0.1859,11.4533,,2.0157,3.3981,0.0067,97.7163,0.0017,97.7146,5186,24523,196, , ,CR1A3_3 PT3,3998.74,12.4626,16,1/16/2020 13:13,Glass (on the basis of 24 O)
17 / 1 . ,1.0194,64.9066,3.7272,9.8287,,0,0.8951,2.4594,0.1709,9.3165,,1.2436,3.9183,0.0244,97.5102,0.0061,97.5041,5273,24603,196, , ,CR1A3_3 PT4,3934.81,12.1708,17,1/16/2020 13:21,Glass (on the basis of 24 O)
18 / 1 . ,1.1819,66.5957,2.9181,11.7534,,0,0.3673,2.2,0.0836,5.9355,,1.8455,5.2346,0.0045,98.12,0.0011,98.1189,5228,24622,196, , ,CR1A3_3 PT5,3908.09,11.8604,18,1/16/2020 13:29,Glass (on the basis of 24 O)
19 / 1 . ,1.044,62.1729,3.9664,10.3665,,0,0.9901,2.7508,0.1788,9.5322,,1.1825,3.6896,0,95.8739,0,95.8739,5126,24482,196, , ,CR1A3_3 PT6,4030.23,12.0274,19,1/16/2020 13:38,Glass (on the basis of 24 O)
20 / 1 . ,,0.1843,18.567,2.7972,0.4822,0.2139,1.3632,0.2406,0.4806,70.3369,0.1323,,,,94.7982,0,94.7982,5198,24601,196, , ,CR1A3_3 PT7,3923.71,19.2753,20,1/16/2020 13:47,Spinel (on the basis of 4 O)
21 / 1 . ,,43.2489,2.6586,17.4481,0.0512,0.0141,2.6229,6.7113,0.1212,9.3753,0.0391,,,,82.2907,0,82.2907,5279,24497,196, , ,CR1A3_3 PT8,4040.13,10.4613,21,1/16/2020 13:56,Spinel (on the basis of 4 O)
10 / 1 . ,0.7825,60.0655,3.1298,13.3605,,0,1.0228,4.2889,0.1126,9.8766,,3.5603,2.7531,0.0126,98.9652,0.0031,98.9621,2334,-27620,300, , ,CR1B_1 Pt11,281.72,12.3614,10,1/23/2020 11:22,Glass (on the basis of 24 O)
11 / 1 . ,1.0765,62.6867,4.1654,11.7814,,0,0.4056,2.5651,0.096,9.3946,,2.4847,3.752,0.0085,98.4164,0.0021,98.4143,2364,-27560,300, , ,CR1B_1 Pt12,348.63,12.2796,11,1/23/2020 11:31,Glass (on the basis of 24 O)
12 / 1 . ,0.6347,60.8666,1.7888,17.5508,,0.0096,0.468,4.992,0.0578,6.0779,,4.7396,2.2592,0.017,99.4621,0.0043,99.4579,2146,-27829,300, , ,CR1B_1 Pt13,97.14,11.9096,12,1/23/2020 11:43,Glass (on the basis of 24 O)
13 / 1 . ,0.8326,60.0404,3.5117,13.822,,0,1.6118,4.0118,0.1593,10.978,,3.6745,2.58,0.0042,101.2261,0.001,101.225,2319,-27726,300, , ,CR1B_1 Pt14,179.76,12.7248,13,1/23/2020 11:53,Glass (on the basis of 24 O)
14 / 1 . ,0.8888,60.3904,3.1497,12.7022,,0.0312,1.2871,4.1196,0.1247,10.7525,,3.0243,3.1496,0.0067,99.6267,0.0017,99.6251,2351,-27744,300, , ,CR1B_1 Pt15,184.14,12.5555,14,1/23/2020 12:02,Glass (on the basis of 24 O)
1 / 1 . ,,0.1274,18.4163,2.9515,0.6399,0.7855,2.1628,0.0739,0.3682,69.8084,0.0656,,,,95.3995,0,95.3995,2228,-27881,303, , ,CR1B_1 Pt2,0,19.2964,1,1/23/2020 9:03,Spinel (on the basis of 4 O)
2 / 1 . ,,0.1379,18.174,2.8578,0.6886,1.1726,2.3111,0.0648,0.3639,69.0106,0.0785,,,,94.8599,0,94.8599,2236,-27858,303, , ,CR1B_1 Pt3,24.35,19.1709,2,1/23/2020 9:42,Spinel (on the basis of 4 O)
3 / 1 . ,,0.0855,17.3962,2.9597,0.6016,0.4486,3.5336,0.0423,0.3388,70.1145,0.0568,,,,95.5776,0,95.5776,2545,-27670,303, , ,CR1B_1 Pt4,380.8,19.251,3,1/23/2020 9:51,Spinel (on the basis of 4 O)
4 / 1 . ,0.7698,63.3858,3.1383,14.1568,,0,0.9677,3.7104,0.1386,7.6005,,3.7132,3.0711,0,100.6522,0,100.6522,2197,-27763,300, , ,CR1B_1 Pt5,122.04,12.2727,4,1/23/2020 10:05,Glass (on the basis of 24 O)
5 / 1 . ,0.6336,62.2344,1.7488,14.3868,,0,0.7592,4.7946,0.085,4.6065,,4.0769,2.934,0.0011,96.2608,0.0003,96.2606,2383,-27617,300, , ,CR1B_1 Pt6,306.15,11.4364,5,1/23/2020 10:15,Glass (on the basis of 24 O)
8 / 1 . ,1.0371,58.2483,4.2565,10.8291,,0.0191,1.3807,3.7353,0.1315,13.4953,,2.0948,3.2296,0.0093,98.4667,0.0023,98.4644,2435,-27897,300, , ,CR1B_1 Pt9,207.64,12.79,8,1/23/2020 10:48,Glass (on the basis of 24 O)
15 / 1 . ,0.7911,60.8481,2.7608,13.2816,,0.0135,1.3388,4.2191,0.1821,8.7463,,3.8622,2.8815,0.0086,98.9337,0.0021,98.9315,6457,-32462,334, , ,CR1B1_2 PT1,6234.66,12.2217,15,1/23/2020 14:16,Glass (on the basis of 24 O)
16 / 1 . ,0.8297,60.4205,3.5608,12.2302,,0.0063,0.8615,3.4408,0.1282,10.4126,,2.8833,3.2279,0.0085,98.0104,0.0021,98.0083,6573,-32575,334, , ,CR1B1_2 PT2,6396.38,12.3331,16,1/23/2020 14:24,Glass (on the basis of 24 O)
17 / 1 . ,1.0346,63.22,3.1048,12.8093,,0.0239,0.3317,2.8739,0.1216,9.0586,,2.8271,3.8673,0.0105,99.2831,0.0026,99.2805,6251,-32695,334, , ,CR1B1_2 PT3,6273.76,12.3043,17,1/23/2020 14:33,Glass (on the basis of 24 O)
18 / 1 . ,0.8218,59.6634,3.3932,12.4965,,0,1.0176,4.0043,0.1377,10.8691,,2.5235,3.278,0.0115,98.2168,0.0029,98.2139,6424,-32565,334, , ,CR1B1_2 PT4,6288.66,12.4338,18,1/23/2020 14:58,Glass (on the basis of 24 O)
19 / 1 . ,0.8766,60.7093,2.9426,13.516,,0,0.8198,3.8259,0.1287,9.1058,,3.4249,3.1231,0.0031,98.4756,0.0008,98.4748,6325,-32400,334, , ,CR1B1_2 PT5,6099.81,12.212,19,1/23/2020 15:07,Glass (on the basis of 24 O)
20 / 1 . ,0.8588,60.9666,3.1946,13.7626,,0.0045,0.9428,3.9868,0.1496,8.8923,,3.5828,2.6322,0.0021,98.9758,0.0005,98.9753,6234,-32537,334, , ,CR1B1_2 PT6,6142.26,12.2358,20,1/23/2020 15:17,Glass (on the basis of 24 O)
21 / 1 . ,,0.108,18.3442,2.8685,0.6185,0.8864,2.1293,0.1113,0.3761,68.7216,0.0937,,,,94.2576,0,94.2576,6355,-32416,334, , ,CR1B1_2 PT7,6131.83,19.0614,21,1/23/2020 15:28,Spinel (on the basis of 4 O)
22 / 1 . ,,0.1057,18.3319,2.7383,0.6552,0.8469,3.0621,0.0574,0.3327,68.0861,0.052,,,,94.2682,0,94.2682,6535,-32389,334, , ,CR1B1_2 PT8,6234.84,18.973,22,1/23/2020 15:36,Spinel (on the basis of 4 O)
23 / 1 . ,,0.1071,16.8351,3.0666,0.5439,0.3893,3.6028,0.0332,0.3389,69.49,0.0503,,,,94.4572,0,94.4572,9433,-32283,331, , ,CR1B1_2 PT9,8443.37,19.0177,23,1/23/2020 15:56,Spinel (on the basis of 4 O)
1 / 1 . ,0.8382,58.6231,3.4208,12.8013,,0,1.511,4.6329,0.1094,10.2615,,4.1102,2.6128,0.0177,98.9389,0.0044,98.9345,-5138,20224,327, , ,CR1B1_A pt2,0,12.4228,1,11/21/2019 14:25,Glass (on the basis of 24 O)
2 / 1 . ,0.7975,58.6044,3.0162,12.1494,,0.0105,1.5393,4.2949,0.1799,11.1465,,3.5044,2.7822,0.0136,98.0388,0.0034,98.0354,-5198,20196,327, , ,CR1B1_A pt3,66.21,12.4087,2,11/21/2019 14:41,Glass (on the basis of 24 O)
3 / 1 . ,0.7705,58.8428,3.099,12.5459,,0,1.7429,4.9812,0.174,10.6018,,3.8372,2.6787,0.0269,99.301,0.0067,99.2943,-4787,20285,327, , ,CR1B1_A pt4,356.26,12.5157,3,11/21/2019 14:46,Glass (on the basis of 24 O)
4 / 1 . ,0.7264,59.9716,3.1942,13.0342,,0.0085,1.2976,4.1044,0.0071,9.7138,,3.8392,3.0291,0.0079,98.9339,0.002,98.9319,-4919,20423,327, , ,CR1B1_A pt5,295.91,12.3388,4,11/21/2019 15:08,Glass (on the basis of 24 O)
5 / 1 . ,0.7968,59.5183,3.4516,12.703,,0,1.4759,4.3633,0.1321,9.826,,4.009,2.6359,0.0023,98.9143,0.0006,98.9138,-5084,20380,327, , ,CR1B1_A pt6,165.08,12.3629,5,11/21/2019 15:14,Glass (on the basis of 24 O)
6 / 1 . ,0.739,58.249,3.1471,12.2786,,0.0151,1.6954,4.8326,0.1703,11.062,,3.8238,2.6995,0.0056,98.7179,0.0014,98.7165,-5089,20467,327, , ,CR1B1_A pt7,247.89,12.5019,6,11/21/2019 15:31,Glass (on the basis of 24 O)
6 / 2 . ,0.7324,58.2501,2.9507,13.0689,,0.0038,0.9131,4.2929,0.1338,9.1918,,4.0435,2.9495,0.0101,96.5408,0.0025,96.5383,-5129,20494,327, , ,CR1B1_A pt8,270.15,12.0272,7,11/21/2019 15:36,Glass (on the basis of 24 O)
6 / 3 . ,0.7089,59.9615,3.3117,14.0169,,0.0029,1.3631,4.5168,0.1238,8.7088,,4.0461,2.8657,0.0147,99.641,0.0037,99.6373,-5312,20302,327, , ,CR1B1_A pt9,190.68,12.3317,8,11/21/2019 15:42,Glass (on the basis of 24 O)
35 / 1 . ,0.1942,23.7514,0.3925,7.8619,,0.0083,1.2755,1.4495,0.0113,0.4248,,1.8474,0.4825,0.0108,37.7099,0.0027,37.7072,-1075,32755,388, , ,CR2A2_1 PT1,62882.73,4.2328,35,1/14/2020 13:16,Glass (on the basis of 24 O)
36 / 1 . ,0.0815,14.8617,0.1344,7.2027,,0,1.1005,0.9686,0,0.0126,,1.3514,0.1712,0,25.8846,0,25.8846,8364,29342,385, , ,CR2A2_1 PT2,59530.18,2.8447,36,1/14/2020 13:34,Glass (on the basis of 24 O)
22 / 1 . ,0.6606,56.2368,3.1657,12.7783,,0,1.6984,4.0712,0.1461,10.1088,,2.6653,2.9397,0.0213,94.4921,0.0053,94.4868,-9526,-27774,399, , ,CR2A2_2 PT1,57980.2,11.9125,22,1/16/2020 14:49,Glass (on the basis of 24 O)
24 / 1 . ,0.814,53.8808,3.4393,16.813,,0.0204,2.046,5.1987,0.1299,12.6585,,4.4394,2.1151,0.0148,101.5697,0.0037,101.566,-9464,-27739,399, , ,CR2A2_2 PT3,57931.21,12.9739,24,1/16/2020 15:12,Glass (on the basis of 24 O)
25 / 1 . ,0.6976,59.7094,3.1172,14.1008,,0,1.2782,4.5568,0.1208,8.9666,,3.7027,2.8778,0.0149,99.1429,0.0037,99.1392,-9502,-27725,399, , ,CR2A2_2 PT4,57926.84,12.2985,25,1/16/2020 15:22,Glass (on the basis of 24 O)
27 / 1 . ,0.76,57.3809,2.5148,14.1897,,0,3.1623,6.7796,0.181,11.4318,,4.2396,2.1613,0,102.801,0,102.801,-9346,-27882,399, , ,CR2A2_2 PT6,58041.61,13.0117,27,1/16/2020 15:41,Glass (on the basis of 24 O)
28 / 1 . ,0.6529,55.0318,2.9909,15.0001,,0.0243,2.0061,5.7217,0.1802,12.1016,,3.878,2.1024,0.0133,99.7034,0.0033,99.7,-9439,-27774,399, , ,CR2A2_2 PT7,57959.14,12.7256,28,1/16/2020 15:52,Glass (on the basis of 24 O)
29 / 1 . ,0.6627,59.2459,2.8664,12.8028,,0,1.862,4.7108,0.1167,10.0472,,3.2258,3.1693,0.0116,98.7211,0.0029,98.7182,9143,-25972,424, , ,CR2A2_3 PT1,54636.79,12.3897,29,1/16/2020 16:16,Glass (on the basis of 24 O)
30 / 1 . ,0.7758,61.2319,3.0007,14.5848,,0,1.657,5.3137,0.1,9.3713,,3.7025,2.7932,0,102.531,0,102.531,8989,-25907,424, , ,CR2A2_3 PT2,54559.28,12.7384,30,1/16/2020 16:27,Glass (on the basis of 24 O)
31 / 1 . ,0.7891,61.7711,3.3076,14.7175,,0.0047,1.4833,4.4222,0.1536,10.6682,,3.8789,2.7169,0.0145,103.9274,0.0036,103.9238,9041,-25911,424, , ,CR2A2_3 PT3,54567.52,13.0018,31,1/16/2020 16:35,Glass (on the basis of 24 O)
33 / 1 . ,0.9963,59.297,2.8873,15.7903,,0,0.7239,4.826,0.0197,5.2423,,4.3997,2.7764,0.0011,96.9599,0.0003,96.9596,9100,-25987,424, , ,CR2A2_3 PT5,54648.14,11.6267,33,1/16/2020 16:50,Glass (on the basis of 24 O)
1 / 1 . ,0.9293,62.4437,3.8675,12.3027,,0.0273,1.4492,3.9565,0.1382,11.0388,,2.8994,3.8228,0.0156,102.891,0.0039,102.8871,3319,-29974,335, , ,CR2B1_1 PT1,0,13.0159,1,1/13/2020 8:42,Glass (on the basis of 24 O)
2 / 1 . ,0.784,61.7774,2.6908,14.9663,,0,0.9958,4.3886,0.0907,8.3164,,4.1769,2.4393,0.0157,100.6419,0.0039,100.638,3210,-30240,335, , ,CR2B1_1 PT2,287.47,12.3217,2,1/13/2020 8:58,Glass (on the basis of 24 O)
3 / 1 . ,0.6842,59.4054,3.0304,15.9376,,0.0308,1.9506,6.2305,0.1705,10.5647,,3.4997,2.6869,0.0083,104.1996,0.0021,104.1975,3010,-30218,335, , ,CR2B1_1 PT3,393.72,13.1083,3,1/13/2020 9:13,Glass (on the basis of 24 O)
5 / 1 . ,0.5972,57.606,4.4205,13.6818,,0,2.4329,5.1478,0.1578,10.8816,,3.9405,0.9687,0.0171,99.8519,0.0043,99.8476,3302,-29676,335, , ,CR2B1_1 PT5,298.48,12.5716,5,1/13/2020 9:41,Glass (on the basis of 24 O)
6 / 1 . ,0.4562,54.066,2.3061,13.648,,0.0108,3.096,6.3608,0.1653,8.9082,,3.1504,1.7439,0.0043,93.916,0.0011,93.915,3458,-29717,335, , ,CR2B1_1 PT6,292.18,11.7175,6,1/13/2020 9:51,Glass (on the basis of 24 O)
7 / 1 . ,0.7153,59.215,2.9886,12.9453,,0.0009,1.7498,4.3376,0.1383,10.6977,,3.5262,2.9745,0.0095,99.2986,0.0024,99.2962,3575,-30278,335, , ,CR2B1_1 PT7,397.43,12.5,7,1/13/2020 11:18,Glass (on the basis of 24 O)
8 / 1 . ,,0.6653,19.088,3.1789,0.622,0.5176,2.5627,0.1276,0.3402,67.3889,0.0992,,,,94.5903,0,94.5903,2901,-29910,335, , ,CR2B1_1 PT8,422.87,18.9559,8,1/13/2020 11:37,Spinel (on the basis of 4 O)
9 / 1 . ,,1.031,17.8257,3.6226,0.6128,0.6347,2.4263,0.1575,0.2969,68.3787,0.0805,,,,95.0666,0,95.0666,-1040,-21510,216, , ,CR2B1_1 PT9,9521.26,19.0507,9,1/13/2020 12:13,Spinel (on the basis of 4 O)
18 / 1 . ,0.7308,56.5107,3.8231,10.7882,,0.0271,2.0183,4.6993,0.1679,13,,2.8573,2.9802,0.0197,97.6225,0.0049,97.6176,-675,-21445,227, , ,CR2B1_2 PT10,9418.47,12.6563,18,1/14/2020 8:13,Glass (on the basis of 24 O)
19 / 1 . ,0.8056,52.7053,3.7029,10.5692,,0,1.9761,5.3338,0.2056,12.9207,,3.0756,2.6486,0,93.9433,0,93.9433,-781,-21541,227, , ,CR2B1_2 PT11,9377.48,12.259,19,1/14/2020 8:25,Glass (on the basis of 24 O)
20 / 1 . ,0.6957,61.0411,2.596,13.2963,,0.0132,2.1168,5.3458,0.1373,9.8946,,3.885,2.6099,0,101.6318,0,101.6318,-746,-21727,227, , ,CR2B1_2 PT12,9195.05,12.6717,20,1/14/2020 8:35,Glass (on the basis of 24 O)
10 / 1 . ,,3.0744,19.4364,3.0794,0.6452,0.363,2.578,0.1353,0.3237,67.4825,0.0873,,,,97.2053,0,97.2053,-811,-21337,216, , ,CR2B1_2 PT2,9574.38,19.2546,10,1/13/2020 12:24,Spinel (on the basis of 4 O)
11 / 1 . ,0.4914,55.2748,2.5259,9.401,,0.0205,8.2813,11.1181,0.2834,12.7917,,2.4848,1.092,0.0094,103.7744,0.0024,103.772,-722,-21567,217, , ,CR2B1_2 PT3,9328.52,13.4663,11,1/13/2020 12:36,Glass (on the basis of 24 O)
13 / 1 . ,0.4622,52.3544,1.9919,14.5638,,0.0135,3.1462,6.5875,0.141,8.0401,,3.1028,1.8278,0.0127,92.244,0.0032,92.2408,-946,-21611,217, , ,CR2B1_2 PT5,9388.5,11.4373,13,1/13/2020 13:20,Glass (on the basis of 24 O)
15 / 1 . ,0.7224,47.5961,3.1059,12.0631,,0,2.3751,4.1115,0.1461,10.9691,,3.0362,2.9145,0.019,87.0589,0.0047,87.0542,-634,-21448,231, , ,CR2B1_2 PT7,9398.39,11.2007,15,1/13/2020 15:25,Glass (on the basis of 24 O)
16 / 1 . ,0.5981,54.1172,2.7087,12.2647,,0.0009,1.438,4.5669,0.1545,9.7022,,2.998,2.5702,0.0067,91.1261,0.0017,91.1244,-875,-21359,231, , ,CR2B1_2 PT8,9582.21,11.4842,16,1/13/2020 15:46,Glass (on the basis of 24 O)
17 / 1 . ,0.712,59.7501,3.3058,12.3464,,0.0192,1.9501,4.7207,0.145,11.7141,,3.5835,2.7448,0.027,101.0188,0.0067,101.012,-919,-21445,227, , ,CR2B1_2 PT9,9524.5,12.8278,17,1/14/2020 8:04,Glass (on the basis of 24 O)
21 / 1 . ,0.7617,60.7018,3.0198,13.1119,,0.0221,1.4957,4.5482,0.128,9.7952,,3.4844,2.2992,0.0052,99.3733,0.0013,99.372,-6811,-30388,346, , ,CR2B1_3 PT1,10138.46,12.3798,21,1/14/2020 8:57,Glass (on the basis of 24 O)
30 / 1 . ,,1.2639,16.0738,1.6575,0.5537,0.4576,1.435,0.439,0.3198,67.7893,0.1172,,,,90.1069,0,90.1069,-6701,-30444,346, , ,CR2B1_3 PT10,10031.02,18.3633,30,1/14/2020 10:34,Spinel (on the basis of 4 O)
22 / 1 . ,0.7545,60.22,3.0486,12.6807,,0,1.8031,4.9992,0.1497,11.185,,3.5157,2.3466,0.0262,100.7291,0.0065,100.7226,-6709,-30335,346, , ,CR2B1_3 PT2,10034.5,12.7096,22,1/14/2020 9:06,Glass (on the basis of 24 O)
23 / 1 . ,0.7737,61.1413,2.9679,13.1309,,0,1.8205,5.0227,0.1355,10.4857,,3.3331,2.188,0.0011,101.0003,0.0003,101.0001,-6529,-30435,346, , ,CR2B1_3 PT3,9858.79,12.6459,23,1/14/2020 9:18,Glass (on the basis of 24 O)
24 / 1 . ,0.7256,60.0098,3.0625,13.3391,,0.0264,2.0175,4.6121,0.1613,11.1306,,3.9547,2.2563,0.0147,101.3105,0.0037,101.3068,-6976,-30477,346, , ,CR2B1_3 PT4,10307.29,12.7409,24,1/14/2020 9:28,Glass (on the basis of 24 O)
25 / 1 . ,0.6338,63.5271,2.6449,15.7576,,0.0276,2.0503,5.4184,0.1494,11.2441,,3.2403,3.4485,0.0296,108.1716,0.0074,108.1642,-6826,-30263,346, , ,CR2B1_3 PT5,10149.12,13.5932,25,1/14/2020 9:38,Glass (on the basis of 24 O)
27 / 1 . ,0.698,60.1414,2.7366,13.1836,,0,1.9968,4.9762,0.1509,9.3859,,3.6472,2.261,0,99.1775,0,99.1775,-6616,-30272,346, , ,CR2B1_3 PT7,9939.48,12.3153,27,1/14/2020 10:00,Glass (on the basis of 24 O)
28 / 1 . ,0.7621,60.2623,3.2828,13.1619,,0,1.8003,4.6949,0.1375,11.0709,,3.8518,2.3181,0.0138,101.3564,0.0034,101.3529,-6618,-30517,346, , ,CR2B1_3 PT8,9951.83,12.7503,28,1/14/2020 10:13,Glass (on the basis of 24 O)
29 / 1 . ,,0.546,16.6327,3.7748,0.5572,0.587,4.1097,0.1703,0.3209,67.8398,0.0909,,,,94.6293,0,94.6293,-6689,-30444,346, , ,CR2B1_3 PT9,10019.04,18.8665,29,1/14/2020 10:26,Spinel (on the basis of 4 O)
1 / 1 . ,0.7362,57.7298,3.1736,12.9186,,0,1.5239,4.9938,0.1161,10.5675,,3.4959,2.7458,0.0191,98.0202,0.0048,98.0154,10731,-34608,311, , ,CR2B2_1 PT1,0,12.3793,1,1/31/2020 14:05,Glass (on the basis of 24 O)
2 / 1 . ,0.7346,59.6763,2.8445,13.8442,,0,1.7003,4.2623,0.1514,10.23,,3.859,2.4083,0.0021,99.7133,0.0005,99.7128,10737,-34683,311, , ,CR2B2_1 PT2,75.24,12.4414,2,1/31/2020 14:13,Glass (on the basis of 24 O)
3 / 1 . ,0.6212,59.4368,2.7945,13.9878,,0.022,1.8706,5.4383,0.1282,9.8011,,3.9742,2.4321,0.025,100.5319,0.0062,100.5257,10550,-34663,311, , ,CR2B2_1 PT3,189.17,12.5478,3,1/31/2020 14:22,Glass (on the basis of 24 O)
4 / 1 . ,0.6696,58.6243,3.0886,12.332,,0.0198,1.6504,5.0257,0.1488,10.531,,3.4166,2.8574,0.0078,98.3719,0.002,98.3699,10569,-34554,311, , ,CR2B2_1 PT4,170.76,12.4235,4,1/31/2020 14:32,Glass (on the basis of 24 O)
5 / 1 . ,0.7236,60.1399,2.5847,14.0617,,0.0191,1.1579,4.6032,0.1151,8.0968,,3.9376,2.6505,0.0102,98.1001,0.0025,98.0976,10612,-34563,311, , ,CR2B2_1 PT5,127.22,12.0491,5,1/31/2020 14:41,Glass (on the basis of 24 O)
6 / 1 . ,0.6724,57.7898,2.8523,13.0697,,0.0186,2.3789,5.3503,0.204,11.3831,,3.8183,2.4616,0,99.9991,0,99.9991,10738,-34547,311, , ,CR2B2_1 PT6,61.4,12.6732,6,1/31/2020 14:51,Glass (on the basis of 24 O)
7 / 1 . ,0.8123,60.0313,3.7185,11.3769,,0,1.3802,3.546,0.1685,11.3018,,2.3407,3.0922,0.0124,97.7807,0.0031,97.7776,10722,-20965,211, , ,CR2B2_2 PT1,13643.37,12.418,7,1/31/2020 15:12,Glass (on the basis of 24 O)
8 / 1 . ,0.7763,59.435,3.4883,12.4029,,0.0255,1.2574,4.0379,0.1199,11.0804,,3.229,2.7911,0.0011,98.6447,0.0003,98.6445,10670,-20974,211, , ,CR2B2_2 PT2,13634.5,12.4755,8,1/31/2020 15:22,Glass (on the basis of 24 O)
9 / 1 . ,0.7017,60.1056,2.6701,14.0463,,0.0088,1.3377,4.6032,0.1259,9.3045,,3.6931,2.3903,0,98.9872,0,98.9872,10623,-21001,211, , ,CR2B2_2 PT3,13607.8,12.2671,9,1/31/2020 15:31,Glass (on the basis of 24 O)
10 / 1 . ,0.7381,63.5232,2.8279,11.8852,,0.0029,0.5174,2.4982,0.1196,8.784,,1.7786,4.799,0.0113,97.4854,0.0028,97.4826,10657,-20922,211, , ,CR2B2_2 PT4,13686.57,12.1053,10,1/31/2020 15:41,Glass (on the basis of 24 O)
11 / 1 . ,0.8213,60.4536,3.2339,13.9819,,0,1.3071,4.2022,0.1384,9.8631,,3.6924,2.4829,0,100.1769,0,100.1769,10766,-21059,211, , ,CR2B2_2 PT5,13549.41,12.4714,11,1/31/2020 15:49,Glass (on the basis of 24 O)
12 / 1 . ,0.8285,58.4283,3.2542,13.0602,,0.0066,1.3088,4.8336,0.1614,10.1953,,3.5529,2.34,0.0247,97.9945,0.0062,97.9884,10538,-20911,211, , ,CR2B2_2 PT6,13698.72,12.3116,12,1/31/2020 15:59,Glass (on the basis of 24 O)
37 / 1 . ,0.4755,56.7267,0.6237,19.1807,,0.0055,0.8154,6.5688,0.0518,3.3569,,4.3218,1.7183,0.0108,93.8558,0.0027,93.8532,2013,-32749,275, , ,CR31_1 PT1,3067.55,10.9879,37,1/14/2020 14:50,Glass (on the basis of 24 O)
46 / 1 . ,0,90.2547,0.1224,4.3046,,0,0,0.1884,0.0084,0.3833,,0.9838,1.9295,0.0022,98.1774,0.0006,98.1768,2153,-32752,285, , ,CR31_1 PT10,3013.19,10.7731,46,1/14/2020 16:43,Glass (on the basis of 24 O)
38 / 1 . ,0,79.9717,0.2897,10.6478,,0.0278,0.0273,0.4627,0.0061,0.9077,,2.002,5.6821,0.011,100.0358,0.0027,100.0331,2098,-32711,275, , ,CR31_1 PT2,2997.6,11.2855,38,1/14/2020 15:03,Glass (on the basis of 24 O)
40 / 1 . ,0.0379,75.043,0.2063,14.1897,,0,0.0122,0.9723,0.0257,0.6757,,4.0699,5.7335,0,100.9661,0,100.9661,1823,-32857,285, , ,CR31_1 PT4,3248.42,11.3695,40,1/14/2020 15:26,Glass (on the basis of 24 O)
45 / 1 . ,0.1234,70.4474,0.2895,14.696,,0.0165,0.2875,1.8595,0.0405,1.4299,,3.7339,4.5063,0.0022,97.4327,0.0005,97.4321,2137,-32707,285, , ,CR31_1 PT9,2978.07,11.0557,45,1/14/2020 16:32,Glass (on the basis of 24 O)
24 / 1 . ,0.0316,59.5039,0.128,26.8019,,0,0.0601,8.5784,0.004,0.9325,,5.9478,0.9836,0.0011,102.9728,0.0003,102.9725,-2392,27516,233, , ,CR31_2 PT1,55589.36,11.7162,24,1/24/2020 8:28,Glass (on the basis of 24 O)
25 / 1 . ,0.0189,53.4558,1.0289,2.4227,,0,22.5556,4.3537,0.4082,18.0719,,0.1398,0.0845,0.0275,102.5675,0.0069,102.5607,-2237,27471,233, , ,CR31_2 PT2,55531.84,13.3682,25,1/24/2020 8:41,Glass (on the basis of 24 O)
26 / 1 . ,1.4766,56.033,1.379,7.3579,,0.0028,7.2329,5.2584,0.495,19.2974,,1.9109,0.8063,0.0145,101.2646,0.0036,101.261,10119,29026,239, , ,CR31_3 PT1,57451.53,13.5364,26,1/24/2020 9:06,Glass (on the basis of 24 O)
35 / 1 . ,0.0791,55.6958,0.2341,26.8088,,0.0236,0.1705,10.0082,0.0111,1.2778,,5.496,0.4986,0.0085,100.3121,0.0021,100.3099,10018,28944,239, , ,CR31_3 PT10,57356.51,11.5323,35,1/24/2020 11:46,Glass (on the basis of 24 O)
27 / 1 . ,0.007,57.1829,0.1175,27.0873,,0.0117,0.0862,9.8547,0.012,1.0252,,6.1221,0.5748,0,102.0815,0,102.0815,9970,29009,239, , ,CR31_3 PT2,57414.41,11.679,27,1/24/2020 9:17,Glass (on the basis of 24 O)
28 / 1 . ,0.098,58.5754,6.8186,13.8059,,0,0.9052,2.0271,0.0763,12.0614,,4.1816,3.1905,0.0145,101.7544,0.0036,101.7507,10055,28999,239, , ,CR31_3 PT3,57416.03,13.0026,28,1/24/2020 9:27,Glass (on the basis of 24 O)
29 / 1 . ,14.4082,48.987,0.3167,11.2627,,0.031,0.0565,18.2934,0.0148,0.858,,2.0305,4.7676,0.0114,101.0377,0.0028,101.0348,10022,28996,239, , ,CR31_3 PT4,57408.57,12.3988,29,1/24/2020 9:36,Glass (on the basis of 24 O)
30 / 1 . ,0.282,67.5876,0.1375,17.3706,,0,0,0.9898,0.0064,0.4415,,3.6795,9.4476,0,99.9425,0,99.9425,9943,28989,239, , ,CR31_3 PT5,57390.96,11.4591,30,1/24/2020 9:46,Glass (on the basis of 24 O)
31 / 1 . ,0.0446,59.6707,0.1643,28.2102,,0.0136,0.1203,9.6304,0.0237,1.1248,,6.4495,0.4458,0.0202,105.9181,0.005,105.9131,9909,29069,239, , ,CR31_3 PT6,57465.68,12.0853,31,1/24/2020 9:55,Glass (on the basis of 24 O)
32 / 1 . ,0.1177,71.933,0.4296,15.7562,,0,0.0119,2.0284,0,0.7405,,4.657,4.9942,0.0109,100.6794,0.0027,100.6766,9990,29105,239, , ,CR31_3 PT7,57512.23,11.3631,32,1/24/2020 11:11,Glass (on the basis of 24 O)
33 / 1 . ,0.0066,73.7623,0.1315,15.2448,,0,0.0282,0.292,0,0.5773,,2.1591,10.1628,0.0117,102.3761,0.0029,102.3732,10020,29122,239, , ,CR31_3 PT8,57533.13,11.7496,33,1/24/2020 11:20,Glass (on the basis of 24 O)
34 / 1 . ,0.0268,59.441,0.2205,23.2943,,0.0295,0.3993,6.7915,0.0446,1.6778,,6.0077,1.0394,0.013,98.9854,0.0032,98.9822,9897,28999,239, , ,CR31_3 PT9,57394.7,11.2872,34,1/24/2020 11:30,Glass (on the basis of 24 O)
22 / 1 . ,0.0235,77.549,0.183,12.4129,,0.0286,0.0122,0.5164,0.0008,0.5231,,2.0675,7.3645,0.0011,100.6825,0.0003,100.6823,9553,-28648,298, , ,CR32_1 PT10,145.51,11.4137,22,1/24/2020 16:17,Glass (on the basis of 24 O)
24 / 1 . ,0.0338,75.9908,0.1435,12.8693,,0,0.0086,0.4599,0,0.5342,,2.2933,7.7052,0,100.0384,0,100.0384,9516,-28566,298, , ,CR32_1 PT12,204.05,11.3521,24,1/24/2020 16:40,Glass (on the basis of 24 O)
25 / 1 . ,0.3401,67.8801,0.384,16.754,,0.0315,0.0526,2.2955,0.0053,1.7423,,2.6283,0.6467,0.0144,92.7748,0.0036,92.7712,9542,-28709,298, , ,CR32_1 PT13,164.27,10.3765,25,1/24/2020 16:51,Glass (on the basis of 24 O)
1 / 1 . ,0.0537,66.4181,0.1132,20.5822,,0,0.0306,3.3889,0,0.5845,,6.8472,3.1695,0,101.1878,0,101.1878,9698,-28658,291, , ,CR32_1 PT2,0,11.3204,1,1/24/2020 12:05,Glass (on the basis of 24 O)
19 / 1 . ,0,92.4778,0.1184,3.5147,,0.0327,0,0.2341,0,0.3063,,0.9866,0.5462,0.0034,98.2203,0.0008,98.2194,9556,-28580,298, , ,CR32_1 PT6,162.16,10.6872,19,1/24/2020 15:49,Glass (on the basis of 24 O)
4 / 1 . ,0.0452,56.7175,0.1105,26.4845,,0.0018,0.0972,9.4501,0.0275,1.2095,,5.6889,0.602,0.0053,100.4399,0.0013,100.4386,9605,-28684,291, , ,CR32_1 PT5,96.57,11.5052,4,1/24/2020 12:43,Glass (on the basis of 24 O)
16 / 1 . ,0,79.0091,0.2652,10.8676,,0.0191,0,0.5576,0,0.6348,,1.6207,7.0552,0,100.0292,0,100.0292,12728,-22875,283, , ,CR32_2 PT12,6528.71,11.3422,16,1/24/2020 15:13,Glass (on the basis of 24 O)
18 / 1 . ,0.093,82.8128,0.2138,8.3063,,0.0075,0.0067,1.3015,0.035,0.6298,,1.7986,2.0318,0.0011,97.2378,0.0003,97.2375,12591,-22810,283, , ,CR32_2 PT14,6524.46,10.7731,18,1/24/2020 15:34,Glass (on the basis of 24 O)
7 / 1 . ,0.0088,75.4499,0.1356,12.8229,,0.0297,0.0302,0.4662,0.003,0.8104,,1.5857,8.3809,0,99.7232,0,99.7232,12735,-22794,283, , ,CR32_2 PT3,6603.78,11.403,7,1/24/2020 13:33,Glass (on the basis of 24 O)
10 / 1 . ,0.0245,95.1179,0.2087,2.1934,,0.0224,0.0293,0.3309,0.0031,0.4354,,0.6309,0.0541,0.0045,99.055,0.0011,99.0538,12635,-22782,283, , ,CR32_2 PT6,6569.13,10.7805,10,1/24/2020 14:06,Glass (on the basis of 24 O)
12 / 1 . ,0.145,87.1742,0.2515,5.9982,,0,0.0198,0.6936,0,0.5231,,1.1726,2.3362,0.0033,98.3177,0.0008,98.3168,12656,-22791,283, , ,CR32_2 PT8,6570.5,10.8667,12,1/24/2020 14:32,Glass (on the basis of 24 O)
13 / 1 . ,1.4429,81.7661,0.1468,7.0822,,0,0.0301,2.3362,0.0149,0.4864,,0.834,2.8587,0.0239,97.0223,0.006,97.0164,12786,-22779,283, , ,CR32_2 PT9,6640.67,10.8473,13,1/24/2020 14:42,Glass (on the basis of 24 O)
1 / 1 . ,0.3385,50.8542,0.9831,7.9984,,0.0035,7.4872,10.7727,0.2709,12.2652,,2.1987,0.3603,0.0207,93.5532,0.0052,93.548,12337,-11,155, , ,CR41_1 PT2,0,12.1551,1,1/10/2020 15:33,Glass (on the basis of 24 O)
2 / 1 . ,0.0632,59.295,0.2603,22.0107,,0.0109,0.1931,7.0461,0.0148,2.2147,,4.7628,1.5568,0.0287,97.4571,0.0072,97.4499,12426,-86,155, , ,CR41_1 PT3,116.39,11.2382,2,1/10/2020 15:47,Glass (on the basis of 24 O)
3 / 1 . ,0.3624,66.6395,0.495,15.9662,,0.0148,0.2551,4.0996,0.0294,0.9919,,4.7028,1.8424,0.0283,95.4276,0.0071,95.4205,12261,121,155, , ,CR41_1 PT4,152.32,10.7555,3,1/10/2020 16:04,Glass (on the basis of 24 O)
31 / 1 . ,,0.3029,37.8602,0.8817,0.3012,0.0405,3.7955,0.0574,0.2407,42.8586,0.0167,,,,86.3555,0,86.3555,13622,-1746,27, , ,CR41_2PT1,30051.07,16.2807,31,1/14/2020 11:16,Spinel (on the basis of 4 O)
32 / 1 . ,0.0059,52.3777,0.0935,28.696,,0.0037,0.1744,12.2853,0.0263,1.0169,,4.4511,0.2202,0.0107,99.3618,0.0027,99.3591,15052,-1890,27, , ,CR41_2PT2,30437.96,11.5093,32,1/14/2020 11:40,Glass (on the basis of 24 O)
33 / 1 . ,0.0019,51.3083,0.7673,1.855,,0.0374,18.9369,12.0032,0.3644,13.1522,,0.1584,0.0469,0.0189,98.6509,0.0047,98.6462,15147,-1975,27, , ,CR41_2PT3,30396.39,12.8324,33,1/14/2020 12:27,Glass (on the basis of 24 O)
34 / 1 . ,0.3268,52.8702,1.3634,4.9676,,0.058,12.1471,10.0288,0.3163,16.5965,,0.603,1.4986,0.0021,100.7785,0.0005,100.778,15272,-1866,27, , ,CR41_2PT4,30545.52,13.4746,34,1/14/2020 12:42,Glass (on the basis of 24 O)
4 / 1 . ,,47.2434,0.3737,2.3392,,0.3261,24.395,1.5275,0.1785,9.46,,0.0364,0.0022,,85.882,0,85.882,12428,-154,157, , ,CR41_X test,169.51,10.3921,4,1/13/2020 8:01,Pyroxene (on the basis of 6 O)
17 / 1 . ,0.4051,60.7624,0.2686,21.4211,,0.0202,1.444,7.6314,0.0556,1.827,,4.8526,0.5323,0,99.2203,0,99.2203,8923,25050,225, , ,CR42_1 PT1,61290.37,11.3539,22,1/30/2020 14:45,Glass (on the basis of 24 O)
18 / 1 . ,0.1751,72.74,0.2011,13.5887,,0.0236,0.0618,0.6948,0,0.7964,,1.7299,9.3133,0.0202,99.345,0.005,99.3399,9116,25126,225, , ,CR42_1 PT2,61393.82,11.4313,23,1/30/2020 14:59,Glass (on the basis of 24 O)
21 / 1 . ,0.3034,61.8899,0.5895,20.3465,,0.0239,0.6358,6.9335,0.0053,1.3272,,4.9321,1.0526,0.0065,98.0462,0.0016,98.0445,8957,25008,225, , ,CR42_1 PT5,61253.76,11.182,26,1/31/2020 9:08,Glass (on the basis of 24 O)
22 / 1 . ,0.0725,69.0234,0.4726,17.6013,,0.0078,0.0313,3.7274,0.0008,0.9541,,3.3457,4.3774,0.0207,99.635,0.0052,99.6299,8973,24961,225, , ,CR42_1 PT6,61209.59,11.345,27,1/31/2020 9:18,Glass (on the basis of 24 O)
28 / 1 . ,0.1743,74.8162,0.2221,11.6516,,0,0.105,0.6541,0,0.6834,,1.9771,8.3815,0,98.6653,0,98.6653,-4798,20272,243, , ,CR42_2 PT2,56072.67,11.285,33,1/31/2020 12:47,Glass (on the basis of 24 O)
30 / 1 . ,0.4898,70.8486,0.9152,14.6965,,0.0018,0.0249,1.0935,0,2.5208,,1.9189,9.0103,0.0129,101.5331,0.0032,101.5299,-4887,20208,243, , ,CR42_2 PT4,56016.66,11.9025,35,1/31/2020 13:08,Glass (on the basis of 24 O)
14 / 1 . ,0.4219,68.8894,0.7739,15.4978,,0.0185,0.057,3.618,0,2.4964,,2.8962,4.7795,0.0023,99.4507,0.0006,99.4502,4021,31006,234, , ,CR42_3 PT2,65956.25,11.5399,14,1/31/2020 16:35,Glass (on the basis of 24 O)
18 / 1 . ,,0.1145,48.7366,1.0636,0.1737,0.2461,2.7219,0.0302,0.5642,46.3559,0.1234,,,,100.1301,0,100.1301,-2187,28720,313, , ,CR43_1 PT10,246.66,18.8271,18,1/17/2020 13:13,Spinel (on the basis of 4 O)
2 / 1 . ,0.5729,73.1579,1.3253,11.8783,,0.0036,0.2421,1.5467,0.0601,2.7331,,2.4908,6.3407,0.0117,100.3633,0.0029,100.3603,-1974,28548,313, , ,CR43_1 PT2,41.19,11.6885,2,1/17/2020 8:27,Glass (on the basis of 24 O)
3 / 1 . ,0.5495,69.9347,0.4606,16.2705,,0.0009,0.0486,3.806,0.0507,1.7677,,3.849,3.6919,0,100.4301,0,100.4301,-2092,28561,313, , ,CR43_1 PT3,117.39,11.4857,3,1/17/2020 8:35,Glass (on the basis of 24 O)
4 / 1 . ,0.233,65.0184,0.4053,21.0846,,0,0.0481,6.2254,0,1.1985,,5.1723,1.7558,0,101.1415,0,101.1415,-1955,28597,313, , ,CR43_1 PT4,24.35,11.489,4,1/17/2020 8:46,Glass (on the basis of 24 O)
5 / 1 . ,0.3141,68.4152,0.5992,15.3403,,0,0.2637,3.2263,0.0347,2.1995,,3.4148,4.8032,0.0011,98.6122,0.0003,98.6119,-2133,28519,313, , ,CR43_1 PT5,170.07,11.3808,5,1/17/2020 8:59,Glass (on the basis of 24 O)
6 / 1 . ,0.2959,73.6526,1.656,11.1482,,0.0129,0.4636,1.3122,0.0519,2.8506,,1.8735,6.5277,0.0065,99.8515,0.0016,99.8499,-1953,28525,313, , ,CR43_1 PT6,68.71,11.6659,6,1/17/2020 9:10,Glass (on the basis of 24 O)
7 / 1 . ,,0.1675,3.9471,2.8414,0.5235,0.0442,0.2374,0.1692,0.2074,84.3444,0.1222,,,,92.6042,0,92.6042,-1961,28482,313, , ,CR43_1 PT7,108.34,19.7479,7,1/17/2020 9:25,Spinel (on the basis of 4 O)
8 / 1 . ,,51.9296,3.3945,12.6803,0.0778,0.0661,4.0729,6.0291,0.1899,14.8919,0.0353,,,,93.3673,0,93.3673,-2025,28627,313, , ,CR43_1 PT8,60.44,12.2916,8,1/17/2020 9:37,Spinel (on the basis of 4 O)
9 / 1 . ,,0.2378,9.1765,4.1415,0.6792,0.6074,0.8758,0.0341,0.2713,80.1138,0.1015,,,,96.2389,0,96.2389,-2164,28720,313, , ,CR43_1 PT9,227.5,20.0081,9,1/17/2020 9:49,Spinel (on the basis of 4 O)
11 / 1 . ,0.1331,73.2067,0.7631,15.0327,,0,0.0366,1.0561,0.0302,1.6387,,2.382,6.2984,0.0011,100.5787,0.0003,100.5784,9885,24843,224, , ,CR43_2 PT2,12440.71,11.5179,11,1/17/2020 11:33,Glass (on the basis of 24 O)
12 / 1 . ,0.2628,73.8477,1.2174,12.8062,,0.0019,0.132,0.8671,0,1.9608,,1.4697,8.1552,0.0227,100.7435,0.0057,100.7378,9808,24988,224, , ,CR43_2 PT3,12324.16,11.7098,12,1/17/2020 11:44,Glass (on the basis of 24 O)
13 / 1 . ,0.365,67.8413,1.0096,13.5552,,0.0127,0.909,4.0805,0.0775,2.6995,,2.6614,4.4154,0.0021,97.6292,0.0005,97.6287,9821,24875,224, , ,CR43_2 PT4,12370.05,11.3914,13,1/17/2020 11:56,Glass (on the basis of 24 O)
14 / 1 . ,1.8388,61.2399,0.8337,18.1569,,0,0.395,7.1714,0.0396,2.5659,,3.4016,2.6738,0.0238,98.3403,0.0059,98.3344,9743,24875,224, , ,CR43_2 PT5,12295.67,11.4968,14,1/17/2020 12:05,Glass (on the basis of 24 O)
15 / 1 . ,0.742,63.8386,0.3209,20.2804,,0,0.0267,6.5373,0.0293,1.0973,,5.1333,2.1932,0.0065,100.2054,0.0016,100.2038,9896,24934,224, , ,CR43_2 PT6,12424.12,11.4246,15,1/17/2020 12:15,Glass (on the basis of 24 O)
16 / 1 . ,,0.1268,15.8511,3.2025,0.5336,0.6021,1.0994,0.2367,0.3864,71.6437,0.1895,,,,93.8717,0,93.8717,9748,24847,224, , ,CR43_2 PT7,12308.92,19.204,16,1/17/2020 12:50,Spinel (on the basis of 4 O)
17 / 1 . ,,0.2713,5.3706,4.2052,0.526,0.0798,0.6484,0.2149,0.2132,81.386,0.1983,,,,93.1138,0,93.1138,9805,24937,224, , ,CR43_2 PT8,12336.29,19.5654,17,1/17/2020 12:59,Spinel (on the basis of 4 O)
21 / 1 . ,0.6884,63.6716,1.1154,18.3827,,0,0.6796,6.262,0.0622,2.751,,5.0123,1.8161,0.0172,100.4586,0.0043,100.4543,532,-24448,279, , ,CR51_1 PT3,53096.37,11.6474,21,1/17/2020 14:19,Glass (on the basis of 24 O)
22 / 1 . ,0.4572,58.4469,2.0374,15.7037,,0.0036,2.1888,6.1061,0.1003,7.52,,3.9257,0.9542,0.0011,97.4451,0.0003,97.4448,334,-24413,279, , ,CR51_1 PT4,53052.41,11.8521,22,1/17/2020 14:28,Glass (on the basis of 24 O)
23 / 1 . ,1.2696,64.3706,3.0799,14.5774,,0,0.4081,2.3808,0.0339,3.9054,,3.8227,8.3015,0,102.1498,0,102.1498,420,-24452,279, , ,CR51_1 PT5,53095.19,12.2673,23,1/17/2020 14:36,Glass (on the basis of 24 O)
24 / 1 . ,1.0119,67.1862,0.8012,17.4209,,0,0.0732,5.4293,0.0334,1.5248,,4.8312,1.6063,0.0149,99.9334,0.0037,99.9297,382,-24502,279, , ,CR51_1 PT6,53143.44,11.3735,24,1/17/2020 14:53,Glass (on the basis of 24 O)
26 / 1 . ,,0.0722,2.4586,2.4811,0.8311,0.1641,0.797,0.039,0.1945,87.0192,0.1372,,,,94.1941,0,94.1941,445,-24528,279, , ,CR51_1 PT8,53172.25,20.16,26,1/17/2020 15:14,Spinel (on the basis of 4 O)
27 / 1 . ,,0.1147,38.521,0.9391,0.3656,0.0676,3.0413,0.085,0.7448,53.7316,0.1038,,,,97.7145,0,97.7145,451,-24536,279, , ,CR51_1 PT9,53180.51,18.8379,27,1/17/2020 15:23,Spinel (on the basis of 4 O)
28 / 1 . ,0.5644,72.2142,1.3181,12.1262,,0,0.2206,1.642,0.0467,3.2706,,2.5465,5.9278,0.0023,99.8794,0.0006,99.8789,11382,-33963,257, , ,CR51_2 PT1,63962.84,11.6703,28,1/17/2020 15:56,Glass (on the basis of 24 O)
29 / 1 . ,0.2138,70.1556,0.599,16.8627,,0,0.079,3.1475,0.0207,1.6381,,4.5931,4.0488,0.0172,101.3754,0.0043,101.3711,11388,-33916,257, , ,CR51_2 PT2,63918.14,11.5564,29,1/17/2020 16:06,Glass (on the basis of 24 O)
30 / 1 . ,3.1999,67.7899,2.8557,9.394,,0.0288,0.4204,4.3623,0.1145,5.2826,,1.835,5.268,0,100.551,0,100.551,11463,-33933,257, , ,CR51_2 PT3,63950.48,12.1948,30,1/17/2020 16:16,Glass (on the basis of 24 O)
31 / 1 . ,0.1564,67.1576,0.4666,16.3784,,0,0.0987,0.4778,0.0255,2.0837,,1.9856,11.4566,0,100.2871,0,100.2871,11389,-34046,257, , ,CR51_2 PT4,64045.48,11.8091,31,1/17/2020 16:26,Glass (on the basis of 24 O)
32 / 1 . ,1.7731,66.1797,2.0001,14.2331,,0.0106,0.2543,3.5699,0.0356,3.8009,,2.4183,5.7131,0.0068,99.9955,0.0017,99.9938,11338,-34052,257, , ,CR51_2 PT5,64040.72,11.8804,32,1/17/2020 16:35,Glass (on the basis of 24 O)
33 / 1 . ,0.1515,74.0918,0.0821,14.7247,,0.0064,0.1452,0.8239,0.0105,5.4908,,1.7322,6.0253,0,103.2843,0,103.2843,11301,-34038,257, , ,CR51_2 PT6,64019.34,12.1751,33,1/17/2020 16:44,Glass (on the basis of 24 O)
1 / 1 . ,0.0199,54.4633,0.148,26.7167,,0,0.15,10.0476,0,1.1064,,4.9793,0.4112,0.0011,98.0436,0.0003,98.0433,33,-35592,383, , ,CR53 Pt1,0,11.2559,1,1/30/2020 8:52,Glass (on the basis of 24 O)
2 / 1 . ,0.0029,93.7284,0.1314,2.6992,,0,0,0.4287,0.0152,0.3483,,0.895,0.0577,0.0153,98.3222,0.0038,98.3183,28,-35572,383, , ,CR53 Pt2,20.62,10.6897,2,1/30/2020 9:00,Glass (on the basis of 24 O)
3 / 1 . ,0.0544,55.4074,0.1542,25.3865,,0,0.1111,8.8809,0,1.3196,,5.5264,0.3126,0.0054,97.1584,0.0013,97.1571,110,-35562,383, , ,CR53 Pt3,82.64,11.108,3,1/30/2020 9:08,Glass (on the basis of 24 O)
4 / 1 . ,0.6856,58.5829,0.9287,22.3799,,0,0.1548,8.023,0.0325,1.8641,,5.4254,0.4852,0.0193,98.5813,0.0048,98.5765,-591,-35700,393, , ,CR53 Pt4a,633.36,11.3403,4,1/30/2020 10:02,Glass (on the basis of 24 O)
4 / 2 . ,1.191,63.4629,0.9266,16.562,,0.0029,0.5669,6.7456,0.0214,2.5556,,3.9854,0.6602,0.0023,96.6828,0.0006,96.6822,-640,-35689,393, , ,CR53 Pt4b,680.03,11.169,5,1/30/2020 10:08,Glass (on the basis of 24 O)
4 / 3 . ,1.1585,60.5654,2.9544,15.3033,,0,0.5449,3.8455,0.0456,6.1178,,2.8764,3.3627,0.009,96.7835,0.0022,96.7812,-664,-35679,393, , ,CR53 Pt4c,702.48,11.7058,6,1/30/2020 10:13,Glass (on the basis of 24 O)
4 / 4 . ,0.1556,58.1391,0.8266,22.4381,,0.0077,0.4955,7.8609,0.0309,2.3404,,4.8898,0.4254,0.0079,97.618,0.002,97.616,-652,-35668,393, , ,CR53 Pt4d,689.28,11.2747,7,1/30/2020 10:18,Glass (on the basis of 24 O)
4 / 5 . ,0.0042,54.3591,0.2164,26.0983,,0,0.2173,9.5802,0.0182,1.2562,,5.3551,0.3663,0.0034,97.4748,0.0008,97.4739,-676,-35626,393, , ,CR53 Pt4e,709.89,11.1855,8,1/30/2020 10:24,Glass (on the basis of 24 O)
4 / 6 . ,0.9668,62.1978,1.2802,19.9959,,0,0.1082,6.7544,0.004,1.7727,,4.5182,2.0527,0,99.6508,0,99.6508,-655,-35610,393, , ,CR53 Pt4f,688.31,11.4973,9,1/30/2020 10:29,Glass (on the basis of 24 O)
5 / 1 . ,1.1658,64.6069,1.9594,15.6221,,0,0.1226,4.8874,0.009,3.3502,,3.5355,3.0452,0.0054,98.3096,0.0013,98.3082,-599,-35623,393, , ,CR53_1 PT5,632.84,11.5373,10,1/30/2020 10:58,Glass (on the basis of 24 O)
7 / 1 . ,1.1115,70.7456,1.2547,11.3017,,0.032,0.1544,3.6977,0.0382,3.2212,,2.4183,2.8611,0.0065,96.8428,0.0016,96.8411,-684,-35707,393, , ,CR53_1 PT7,726.23,11.2655,12,1/30/2020 11:48,Glass (on the basis of 24 O)
8 / 1 . ,0.1635,62.6212,0.7483,17.5303,,0.0039,0.0471,1.7824,0,2.1396,,4.0087,7.2628,0.0159,96.3236,0.004,96.3196,-669,-35597,393, , ,CR53_1 PT8,702.09,11.2011,13,1/30/2020 12:00,Glass (on the basis of 24 O)
9 / 1 . ,1.7716,63.6585,1.1698,12.2859,,0.0126,0.296,1.0748,0.0056,2.6556,,1.8176,7.86,0.0182,92.6262,0.0045,92.6217,-4768,-25673,268, , ,CR53_2 PT1,11020.41,10.9055,14,1/30/2020 12:38,Glass (on the basis of 24 O)
10 / 1 . ,0.0556,64.2021,4.2817,12.2201,,0.0238,0.0886,1.0625,0.0374,1.5975,,1.7955,9.0504,0.0074,94.4227,0.0019,94.4209,-4645,-25753,266, , ,CR53_2 PT2,10895.1,11.2302,15,1/30/2020 12:47,Glass (on the basis of 24 O)
11 / 1 . ,1.9258,61.7574,0.3208,13.8193,,0,0.0025,2.2634,0.0089,0.5021,,2.1771,9.7823,0.0158,92.5754,0.0039,92.5714,-4757,-25637,266, , ,CR53_2 PT3,11048.07,10.7974,16,1/30/2020 12:57,Glass (on the basis of 24 O)
12 / 1 . ,0.3933,57.1053,1.9996,15.8767,,0.0219,1.5157,5.3226,0.1019,5.0609,,4.6061,1.462,0.0032,93.4693,0.0008,93.4684,-4850,-25793,266, , ,CR53_2 PT4,10948.87,11.1323,17,1/30/2020 13:10,Glass (on the basis of 24 O)
13 / 1 . ,0.4804,56.3516,1.5516,15.0174,,0,2.4216,6.5634,0.0647,5.494,,5.1471,1.0973,0.0147,94.2038,0.0037,94.2002,-4861,-25766,265, , ,CR53_2 PT5,10977.95,11.2724,18,1/30/2020 13:30,Glass (on the basis of 24 O)
16 / 1 . ,0.4739,53.6376,2.4816,13.685,,0,1.9458,4.6264,0.1066,8.6717,,3.6474,2.2778,0,91.554,0,91.554,-5102,-25586,263, , ,CR53_2 PT8,11247.34,11.3734,21,1/30/2020 14:22,Glass (on the basis of 24 O)
1 / 1 . ,0.0527,62.9508,0.1377,8.7114,,0.0139,0.9027,0.1772,0.0204,0.34,,2.4043,5.0471,0.0055,80.7638,0.0014,80.7624,12932,24565,425, , ,CR71_1 Pt2,0,9.0739,1,2/27/2020 9:37,Glass (on the basis of 24 O)
2 / 1 . ,0.0156,53.5621,0.0858,17.2297,,0,0.0042,1.6185,0,0.3051,,6.557,3.0031,0,82.381,0,82.381,12890,24603,425, , ,CR71_1 Pt3,56.64,9.1563,2,2/27/2020 9:49,Glass (on the basis of 24 O)
3 / 1 . ,0.0338,41.9962,0.7798,1.6639,,0.0358,12.944,11.6501,0.1996,7.781,,0.2381,0,0.0055,77.3276,0.0014,77.3262,13031,24643,425, , ,CR71_1 Pt4,126.04,9.9085,3,2/27/2020 9:58,Glass (on the basis of 24 O)
4 / 1 . ,0,54.0352,0.2147,0.6908,,0.0417,25.348,1.3435,0.6198,18.5227,,0.0128,0,0.0078,100.837,0.002,100.835,4500,-28510,354, , ,CR71_1 Pt5a,53740.67,13.0202,4,2/27/2020 10:09,Glass (on the basis of 24 O)
5 / 1 . ,0.0408,51.3972,0.4438,1.7258,,0.0241,15.2621,20.079,0.3311,8.0874,,0.3613,0.0304,0.0154,97.7982,0.0038,97.7943,-12800,28316,331, , ,CR71_1 Pt5b,26004.13,12.6295,5,2/27/2020 10:17,Glass (on the basis of 24 O)
6 / 1 . ,0.0121,95.2015,0.1132,1.5216,,0.0331,0.0043,0.1046,0,0.2371,,0.8814,0,0.0125,98.1214,0.0031,98.1183,-13013,28292,325, , ,CR71_1 Pt5c,26211.52,10.6347,6,2/27/2020 10:25,Glass (on the basis of 24 O)
7 / 1 . ,0,95.4812,0.1497,1.704,,0,0,0.1503,0.0054,0.1741,,0.7285,0.0154,0.0146,98.4233,0.0037,98.4196,-13086,28228,325, , ,CR71_1 Pt5d,26274.78,10.6647,7,2/27/2020 10:37,Glass (on the basis of 24 O)
8 / 1 . ,0.0168,56.0914,0.0971,25.6622,,0,0.0362,8.7244,0.0016,0.9034,,5.7816,1.1829,0.0102,98.5078,0.0025,98.5053,-13067,28251,325, , ,CR71_1 Pt5e,26259.18,11.2532,8,2/27/2020 10:46,Glass (on the basis of 24 O)
2 / 1 . ,0.0168,65.0181,0.1286,20.32,,0.0213,0.0036,2.0261,0,0.5209,,6.2749,6.0897,0.0217,100.4418,0.0054,100.4364,13062,-24096,393, , ,CR72_1 Pt3,14.04,11.3473,2,2/25/2020 11:36,Glass (on the basis of 24 O)
7 / 1 . ,0.0255,78.7706,0.1977,13.7389,,0,0.0177,0.8552,0.006,0.4341,,3.1699,3.6166,0,100.8322,0,100.8322,13099,-24110,393, , ,CR72_1 Pt8,36,11.1895,7,2/25/2020 12:27,Glass (on the basis of 24 O)
8 / 1 . ,0,83.4268,0.2577,9.0999,,0.0149,0.0253,0.1981,0.0076,0.5393,,1.3747,5.6335,0.0209,100.5987,0.0052,100.5934,13142,-24057,393, , ,CR72_1 Pt9,95.13,11.2904,8,2/25/2020 12:38,Glass (on the basis of 24 O)
19 / 1 . ,0,86.4107,0.268,7.2514,,0.0112,0.0044,0.2774,0,0.3275,,1.3759,3.8415,0.0178,99.7858,0.0044,99.7814,-2318,-24322,301, , ,CR72_2 Pt11,15382.74,11.0725,19,2/25/2020 15:54,Glass (on the basis of 24 O)
10 / 1 . ,0.0272,85.0538,0.3822,7.8386,,0.0547,0.0215,0.6099,0.0254,0.5174,,2.329,2.2335,0.0124,99.1056,0.0031,99.1025,-2306,-24290,301, , ,CR72_2 Pt2,15370.33,10.9455,10,2/25/2020 14:11,Glass (on the basis of 24 O)
13 / 1 . ,0.0082,78.1471,0.2902,12.4988,,0.0112,0.0196,1.1344,0.0486,0.3474,,3.5919,4.1816,0.0022,100.2813,0.0005,100.2807,-2324,-24352,301, , ,CR72_2 Pt5,15389.18,11.1855,13,2/25/2020 14:36,Glass (on the basis of 24 O)
14 / 1 . ,0.0022,84.5479,0.2538,8.6207,,0.0088,0.0127,0.5912,0,0.2957,,2.6979,2.8705,0.0186,99.9199,0.0046,99.9152,-2256,-24276,301, , ,CR72_2 Pt6,15320.18,11.0255,14,2/25/2020 14:49,Glass (on the basis of 24 O)
16 / 1 . ,0.0337,71.8265,0.2892,16.2759,,0,0.007,2.425,0,0.8578,,6.7254,0.5075,0.0069,98.9549,0.0017,98.9531,-2379,-24332,301, , ,CR72_2 Pt8,15443.87,10.9038,16,2/25/2020 15:08,Glass (on the basis of 24 O)
17 / 1 . ,0,90.9233,0.1605,4.8982,,0,0,0.1452,0,0.4159,,1.2215,2.8268,0.0111,100.6024,0.0028,100.5996,-2381,-24266,301, , ,CR72_2 Pt9,15445.06,11.0947,17,2/25/2020 15:20,Glass (on the basis of 24 O)
9 / 1 . ,0.0859,69.6451,0.2596,16.6827,,0.037,0.0002,1.2093,0.003,0.5033,,4.7022,6.9417,0.0163,100.0864,0.0041,100.0823,5141,-28541,358, , ,CR72_3 Pt1,53674.5,11.3445,9,2/27/2020 14:20,Glass (on the basis of 24 O)
15 / 1 . ,0,62.6082,0.0577,22.9437,,0.001,0.0142,4.715,0,0.5737,,7.671,1.5526,0.0115,100.1486,0.0029,100.1457,5280,-28527,358, , ,CR72_3 Pt7,53640.64,11.1733,15,2/27/2020 15:13,Glass (on the basis of 24 O)
1 / 1 . ,0.5749,74.23,0.3312,12.773,,0,0.3736,1.9932,0.0241,2.5435,,2.7634,3.3558,0.0288,98.9916,0.0072,98.9844,-3177,28336,337, , ,CR63_1 PT1,0,11.2928,1,6/16/2020 9:44,Glass (on the basis of 24 O)
2 / 1 . ,2.2023,65.5975,0.9939,13.8311,,0,0.0863,6.322,0.0144,1.4725,,3.7182,4.1333,0,98.3714,0,98.3714,-3132,28360,337, , ,CR63_1 PT2,51,11.4334,2,6/16/2020 9:55,Glass (on the basis of 24 O)
3 / 1 . ,1.5175,68.7295,0.2139,16.9904,,0,0.0716,4.7273,0.0277,0.7914,,4.8454,3.1073,0.002,101.0241,0.0005,101.0235,-3254,28263,337, , ,CR63_1 PT3,106.1,11.4359,3,6/16/2020 10:05,Glass (on the basis of 24 O)
4 / 1 . ,0.2031,67.592,1.3174,15.4349,,0,0.068,3.1157,0.0207,1.4469,,3.9206,3.3427,0.0184,96.4803,0.0046,96.4757,-3201,28233,337, , ,CR63_1 PT4,105.76,11.006,4,6/16/2020 10:16,Glass (on the basis of 24 O)
5 / 1 . ,0.0949,82.4098,0.2898,9.2056,,0,0.0102,1.4327,0.0085,0.6264,,2.3172,1.952,0.009,98.356,0.0022,98.3538,-3278,28364,337, , ,CR63_1 PT5,104.81,10.8885,5,6/16/2020 10:24,Glass (on the basis of 24 O)
7 / 1 . ,0.1522,64.6727,0.2349,18.6564,,0.0166,0.0771,3.9255,0,0.7543,,3.8744,4.4206,0.0034,96.7882,0.0009,96.7873,-3297,28287,337, , ,CR63_1 PT7,129.62,11.0096,7,6/16/2020 10:45,Glass (on the basis of 24 O)
8 / 1 . ,0.6723,69.4768,0.4209,16.7248,,0.0245,0.0318,3.8744,0.0248,1.0231,,3.8687,4.5408,0.0069,100.6896,0.0017,100.6879,6165,23094,347, , ,CR63_2 PT 1,10712.22,11.4856,8,6/16/2020 11:02,Glass (on the basis of 24 O)
9 / 1 . ,0.8349,68.8881,5.0557,11.6511,,0,0.3119,3.4518,0.0866,6.4489,,3.0816,2.0483,0.0233,101.8823,0.0058,101.8764,6065,23015,347, , ,CR63_2 PT 2,10664.32,12.3145,9,6/16/2020 11:14,Glass (on the basis of 24 O)
10 / 1 . ,0.3892,52.2839,0.9752,19.9854,,0,1.566,8.9396,0.1223,6.1864,,4.3209,0.8183,0.006,95.5932,0.0015,95.5917,6284,23043,347, , ,CR63_2 PT 3,10840.96,11.5908,10,6/16/2020 11:24,Glass (on the basis of 24 O)
11 / 1 . ,0.5347,49.6448,5.8252,11.4627,,0.0033,4.07,7.0959,0.314,17.8782,,2.0998,0.4895,0,99.418,0,99.418,6249,23107,347, , ,CR63_2 PT 4,10779.24,13.495,11,6/16/2020 11:33,Glass (on the basis of 24 O)
12 / 1 . ,0.8942,65.51,0.4103,16.1187,,0.0253,0.1208,2.924,0.0223,3.2777,,2.8145,6.9951,0.008,99.1207,0.002,99.1187,6141,23137,347, , ,CR63_2 PT 5,10670.28,11.6752,12,6/16/2020 11:41,Glass (on the basis of 24 O)
14 / 1 . ,0.3622,59.1987,1.9663,13.6065,,0.0307,0.3317,2.244,0.0514,15.4397,,3.6066,2.878,0,99.7157,0,99.7157,6175,23016,347, , ,CR63_2 PT 7,10759.29,12.8861,14,6/16/2020 11:56,Glass (on the basis of 24 O)
15 / 1 . ,1.7472,58.7236,5.175,9.7958,,0,1.3885,4.4683,0.1519,10.3726,,2.5434,4.473,0.0059,98.8452,0.0015,98.8437,-8969,21622,378, , ,CR63_3 PT1,8867.17,12.6498,15,6/16/2020 12:12,Glass (on the basis of 24 O)
16 / 1 . ,0.6019,61.4266,2.6904,11.4447,,0.0125,1.522,3.5496,0.2041,12.7758,,2.3383,2.8614,0.004,99.4313,0.001,99.4303,-8852,21663,378, , ,CR63_3 PT2,8759.92,12.6949,16,6/16/2020 12:23,Glass (on the basis of 24 O)
17 / 1 . ,1.113,67.8569,2.1325,13.9462,,0.0261,0.1236,3.1462,0.071,2.8273,,2.7567,5.1065,0,99.106,0,99.106,-8866,21747,374, , ,CR63_3 PT3,8705.23,11.6208,17,6/16/2020 12:34,Glass (on the basis of 24 O)
18 / 1 . ,0.1665,52.3008,1.9422,17.0076,,0,3.9296,8.4235,0.239,12.5034,,3.4199,0.5133,0,100.4459,0,100.4459,-8989,21737,374, , ,CR63_3 PT4,8793.61,12.8363,18,6/16/2020 12:44,Glass (on the basis of 24 O)
19 / 1 . ,1.3039,65.0298,1.1976,14.6979,,0,0.6891,4.887,0.0669,4.0043,,3.7522,3.5793,0.008,99.2159,0.002,99.2139,-9051,21698,374, , ,CR63_3 PT5,8863.88,11.7043,19,6/16/2020 12:52,Glass (on the basis of 24 O)
20 / 1 . ,0.4858,67.2055,1.6014,14.6264,,0,0.07,2.1016,0.0312,3.1299,,1.8757,6.7768,0.001,97.9053,0.0003,97.905,-9013,21654,374, , ,CR63_3 PT6,8871.83,11.5359,20,6/16/2020 13:12,Glass (on the basis of 24 O)
21 / 1 . ,0.2166,44.8133,2.0115,9.2196,,0.0094,1.4358,2.8271,0.0717,4.5456,,2.5476,1.9596,0,69.6578,0,69.6578,-2569,-31429,546, , ,CR2A1_1 PT1,59768.46,8.4074,21,6/16/2020 13:58,Glass (on the basis of 24 O)
22 / 1 . ,0.3323,43.4618,1.6889,9.3982,,0.0034,1.38,3.3562,0.0521,4.3521,,2.628,1.4008,0.001,68.0549,0.0003,68.0547,-2619,-31323,546, , ,CR2A1_1 PT2,59661.98,8.1877,22,6/16/2020 14:17,Glass (on the basis of 24 O)
24 / 1 . ,0.5206,64.3991,2.4044,9.987,,0.0201,2.2387,4.3587,0.1424,7.2125,,2.074,2.9607,0.0011,96.3193,0.0003,96.319,-742,-28547,433, , ,CR2A2_4 PT2,56935.18,11.7681,24,6/16/2020 15:04,Glass (on the basis of 24 O)
26 / 1 . ,0.6769,56.8755,7.2926,13.4517,,0.0151,2.186,5.8435,0.191,11.878,,2.6335,1.3892,0,102.4328,0,102.4328,-674,-28548,433, , ,CR2A2_4 PT4,56939.12,13.2051,26,6/16/2020 15:22,Glass (on the basis of 24 O)
2 / 1 . ,0.6442,58.1336,3.0513,12.5065,,0.005,2.2715,5.1191,0.1436,11.118,,3.2579,2.7185,0.001,98.9703,0.0002,98.9701,-6331,-26781,587, , ,CR2A1_3 PT4,15.03,12.5444,2,6/17/2020 10:01,Glass (on the basis of 24 O)
3 / 1 . ,0.6607,59.2465,2.6457,13.1524,,0.016,1.887,4.8807,0.1704,9.4801,,3.6247,2.6507,0,98.4148,0,98.4148,-6311,-26756,587, , ,CR2A1_3 PT5,45.18,12.2625,3,6/17/2020 10:09,Glass (on the basis of 24 O)
4 / 1 . ,0.6762,59.7286,2.9724,13.0323,,0,1.3509,3.4368,0.163,9.0831,,2.6905,3.904,0.004,97.0416,0.001,97.0406,-6406,-26817,587, , ,CR2A1_3 PT6,76.92,12.0896,4,6/17/2020 10:16,Glass (on the basis of 24 O)
6 / 1 . ,0.5977,57.202,2.988,13.2503,,0,1.8248,4.9817,0.1544,10.8954,,3.1779,2.6391,0.015,97.7261,0.0037,97.7224,-6378,-26725,587, , ,CR2A1_3 PT8,84.6,12.3684,6,6/17/2020 10:34,Glass (on the basis of 24 O)
7 / 1 . ,0.6605,59.1727,2.8807,13.9353,,0.027,1.6299,4.575,0.0889,9.6928,,3.634,2.6387,0.008,98.9437,0.002,98.9417,-6492,-26721,587, , ,CR2A1_3 PT9,176.71,12.3307,7,6/17/2020 10:42,Glass (on the basis of 24 O)
8 / 1 . ,0.6193,56.7473,3.016,12.973,,0.0008,2.2165,5.5737,0.1664,9.9019,,3.7015,2.1618,0.004,97.0823,0.001,97.0813,-6381,-26876,587, , ,CR2A1_3 PT10,93.81,12.1925,8,6/17/2020 10:51,Glass (on the basis of 24 O)
19 / 1 . ,0.6129,57.7006,3.0605,13.6516,,0.0071,1.7456,4.7134,0.1139,10.4378,,3.7056,2.8207,0.0095,98.5793,0.0024,98.577,-1942,-27194,587, , ,CR2A1_5 PT 2,4408,12.4048,19,6/17/2020 12:44,Glass (on the basis of 24 O)
20 / 1 . ,0.6149,58.1495,2.7682,12.975,,0,2.7055,5.1888,0.167,10.4409,,3.3664,2.3975,0,98.7737,0,98.7737,-1991,-27179,587, , ,CR2A1_5 PT 3,4357.86,12.409,20,6/17/2020 12:51,Glass (on the basis of 24 O)
21 / 1 . ,0.6338,56.9232,2.9265,13.9173,,0,1.8105,5.5798,0.1324,10.4914,,3.7754,2.3905,0,98.5807,0,98.5807,-2039,-27279,587, , ,CR2A1_5 PT 4,4320.09,12.4252,21,6/17/2020 12:59,Glass (on the basis of 24 O)
22 / 1 . ,0.5537,57.9759,3.199,13.6835,,0,1.3723,4.8783,0.1303,10.2187,,3.8739,2.5626,0.0251,98.4733,0.0063,98.4671,-1892,-27299,587, , ,CR2A1_5 PT 5,4468.4,12.3712,22,6/17/2020 13:09,Glass (on the basis of 24 O)
23 / 1 . ,0.7499,55.4507,3.5177,13.1209,,0.0059,2.14,5.4872,0.169,11.8948,,3.7732,2.1211,0,98.4304,0,98.4304,-1829,-27240,587, , ,CR2A1_5 PT 6,4524.84,12.5807,23,6/17/2020 13:17,Glass (on the basis of 24 O)
24 / 1 . ,0.6599,58.0316,3.1822,12.6291,,0.0185,2.0269,5.0099,0.1732,10.7667,,3.4635,2.5684,0.008,98.5379,0.002,98.5359,-1847,-27181,587, , ,CR2A1_5 PT 7,4501.49,12.4541,24,6/17/2020 13:24,Glass (on the basis of 24 O)
25 / 1 . ,0.6486,56.4801,2.8754,13.2757,,0,2.1379,5.5025,0.1102,10.2591,,4.0725,2.3234,0.005,97.6905,0.0012,97.6892,3825,-30084,558, , ,CR2A1_7 PT1,10675.97,12.2869,25,6/17/2020 13:47,Glass (on the basis of 24 O)
26 / 1 . ,0.6424,58.5434,3.2049,13.4899,,0,1.643,4.9488,0.1165,9.5292,,3.8961,2.3979,0.0261,98.4381,0.0065,98.4316,3852,-30042,558, , ,CR2A1_7 PT2,10688.84,12.2781,26,6/17/2020 13:54,Glass (on the basis of 24 O)
27 / 1 . ,0.5899,57.0631,2.8497,13.1738,,0.0053,2.5523,5.4006,0.1614,10.8516,,3.3608,2.3294,0.0011,98.339,0.0003,98.3387,3946,-30012,558, , ,CR2A1_7 PT3,10769.44,12.4258,27,6/17/2020 14:05,Glass (on the basis of 24 O)
28 / 1 . ,0.67,57.9768,3.0438,12.6812,,0.0034,1.577,4.8719,0.1272,9.9442,,3.4646,2.6137,0.001,96.9748,0.0002,96.9745,3889,-29927,558, , ,CR2A1_7 PT4,10689.85,12.1757,28,6/17/2020 14:13,Glass (on the basis of 24 O)
29 / 1 . ,0.5927,57.1889,2.7877,13.288,,0,2.4858,4.9058,0.1548,10.8209,,3.3264,2.3004,0.0053,97.8565,0.0013,97.8552,3814,-29942,558, , ,CR2A1_7 PT5,10622.59,12.3302,29,6/17/2020 14:20,Glass (on the basis of 24 O)
30 / 1 . ,0.5651,57.7426,3.0409,13.3165,,0,1.5617,4.0739,0.1235,10.4996,,3.4661,2.7626,0.015,97.1675,0.0037,97.1637,3728,-30034,558, , ,CR2A1_7 PT6,10568.31,12.2186,30,6/17/2020 14:29,Glass (on the basis of 24 O)
1 / 1 . ,0.0232,94.1766,0.2305,2.6784,,0.0092,0.0091,0.2285,0.0473,0.3466,,0.7212,0.9287,0.0133,99.4127,0.0033,99.4094,16136,27511,329, , ,CR72_5 PT1,0,10.8627,1,9/29/2020 9:13,Glass (on the basis of 24 O)
2 / 1 . ,0.0542,60.6591,0.089,23.6946,,0,0.0031,5.8143,0.0104,0.7533,,7.241,1.0681,0,99.3871,0,99.3871,16129,27473,329, , ,CR72_5 PT2,38.64,11.1491,2,9/29/2020 9:28,Glass (on the basis of 24 O)
3 / 1 . ,0,76.9144,0.3161,12.3362,,0.0037,0.0143,0.5116,0.0261,0.3855,,2.1814,7.5357,0,100.2248,0,100.2248,16291,27606,329, , ,CR72_5 PT3,181.8,11.3644,3,9/29/2020 9:39,Glass (on the basis of 24 O)
4 / 1 . ,0.1403,83.609,0.22,8.2726,,0.0211,0.0053,0.7246,0,0.4111,,2.2178,3.4851,0,99.1069,0,99.1069,16302,27482,329, , ,CR72_5 PT4,168.51,11.0027,4,9/29/2020 9:50,Glass (on the basis of 24 O)
5 / 1 . ,0.0097,95.1697,0.2156,2.6375,,0.0065,0.0056,0.2581,0.016,0.361,,0.7728,0.4479,0.0186,99.919,0.0046,99.9144,16227,27546,329, , ,CR72_5 PT5,97.5,10.886,5,9/29/2020 10:02,Glass (on the basis of 24 O)
6 / 1 . ,0.0354,70.1476,0.177,16.6308,,0.0009,0.0172,2.6953,0,0.4291,,4.8721,3.2156,0.0183,98.2394,0.0046,98.2348,16229,27448,329, , ,CR72_5 PT6,112.33,10.9752,6,9/29/2020 10:11,Glass (on the basis of 24 O)
7 / 1 . ,0.0489,67.7349,0.1538,18.5772,,0,0.0135,4.2068,0.006,0.5794,,5.5443,2.8001,0,99.6649,0,99.6649,13085,28844,309, , ,CR72_7 PT1,3329.55,11.2007,7,9/29/2020 10:29,Glass (on the basis of 24 O)
8 / 1 . ,0.0265,79.9946,0.5045,10.3528,,0.0079,0.0339,0.3386,0,1.1293,,2.0513,5.8073,0.0193,100.2661,0.0048,100.2613,13041,28841,309, , ,CR72_7 PT2,3368.73,11.3481,8,9/29/2020 10:40,Glass (on the basis of 24 O)
9 / 1 . ,0.0179,64.1,0.1059,21.9954,,0,0.0184,4.963,0,0.6772,,7.5261,1.0304,0,100.4343,0,100.4343,13114,28791,307, , ,CR72_7 PT3,3281.98,11.2023,9,9/29/2020 10:49,Glass (on the basis of 24 O)
10 / 1 . ,0.4818,58.446,1.4725,15.9816,,0.0029,2.8295,7.1556,0.1283,6.3757,,3.4629,2.1493,0.0138,98.4999,0.0034,98.4964,13006,28845,307, , ,CR72_7 PT4,3402.49,11.946,10,9/29/2020 10:57,Glass (on the basis of 24 O)
11 / 1 . ,0.0022,73.4624,0.1769,14.6161,,0.0189,0.0065,1.985,0,0.4732,,5.6748,2.4313,0.0177,98.865,0.0044,98.8605,13057,28882,307, , ,CR72_7 PT5,3370.51,10.9594,11,9/29/2020 11:09,Glass (on the basis of 24 O)
12 / 1 . ,0.2049,75.0998,0.1985,12.4184,,0,0.025,1.4478,0.0045,1.7005,,4.344,3.1051,0.0179,98.5664,0.0045,98.5619,13113,28897,307, , ,CR72_7 PT6,3325.66,11.0868,12,9/29/2020 11:18,Glass (on the basis of 24 O)
13 / 1 . ,0.0355,72.2838,0.1669,16.5485,,0.0109,0.0105,1.2717,0.0134,0.521,,3.768,7.5679,0.0096,102.2077,0.0024,102.2053,13194,28798,307, , ,CR72_7 PT7,3211.26,11.6177,13,9/29/2020 11:29,Glass (on the basis of 24 O)
14 / 1 . ,0.0299,58.2326,0.1845,24.7835,,0.0164,0.032,7.6726,0.0096,1.0047,,5.4243,2.5511,0,99.9414,0,99.9414,12984,28868,307, , ,CR72_7 PT8,3431.77,11.4543,14,9/29/2020 11:38,Glass (on the basis of 24 O)
15 / 1 . ,0,97.4586,0.1266,1.3538,,0.0179,0.0092,0.0918,0.0122,0.2891,,0.5122,0.4131,0,100.2842,0,100.2842,2195,21845,225, , ,CR72_9 PT1,15048.78,10.8993,15,9/29/2020 12:55,Glass (on the basis of 24 O)
16 / 1 . ,0.0323,77.5723,0.5809,11.5005,,0.0603,0.0479,0.3186,0,1.0586,,2.0733,6.5602,0,99.8049,0,99.8049,2063,21877,225, , ,CR72_9 PT2,15159.22,11.3381,16,9/29/2020 13:05,Glass (on the basis of 24 O)
17 / 1 . ,0.0094,77.518,0.3217,11.8089,,0,0.0014,0.5655,0,0.3369,,2.6297,6.5062,0,99.6976,0,99.6976,2108,21940,225, , ,CR72_9 PT3,15094.09,11.2332,17,9/29/2020 13:14,Glass (on the basis of 24 O)
18 / 1 . ,0.0284,82.0225,0.351,9.5627,,0.0149,0,0.5284,0,0.2735,,2.5593,4.0306,0,99.3714,0,99.3714,2261,21906,225, , ,CR72_9 PT4,14964.71,11.0416,18,9/29/2020 13:27,Glass (on the basis of 24 O)
19 / 1 . ,0.0634,59.0838,0.1361,25.3702,,0.0139,0.0115,7.7486,0.021,0.8509,,6.589,0.843,0.0122,100.7437,0.003,100.7407,2009,21808,225, , ,CR72_9 PT5,15235.06,11.414,19,9/29/2020 13:38,Glass (on the basis of 24 O)
20 / 1 . ,0.0419,51.7991,0.6987,1.1187,,0.0104,15.2504,14.8109,0.3988,15.7731,,0.2397,0.0329,0,100.1748,0,100.1748,1998,21838,225, , ,CR72_9 microlite 1,15234.07,13.4622,20,9/29/2020 13:49,Glass (on the basis of 24 O)
21 / 1 . ,0.047,50.8383,1.1859,2.2547,,0.0209,15.8296,14.7975,0.3718,14.7186,,0.1969,0.0558,0.0108,100.3277,0.0027,100.325,2109,21809,225, , ,CR72_9 microlite 2,15142.01,13.3845,21,9/29/2020 13:56,Glass (on the basis of 24 O)
22 / 1 . ,0.0386,50.6186,1.2259,2.0082,,0.0053,14.3374,17.8164,0.3327,13.263,,0.23,0.002,0.0215,99.8995,0.0054,99.8941,2106,21854,225, , ,CR72_9 microlite 3,15127.9,13.3497,22,9/29/2020 14:03,Glass (on the basis of 24 O)
23 / 1 . ,0.042,51.8296,0.8236,1.508,,0.0052,15.8392,14.9187,0.3561,14.4415,,0.1038,0,0,99.8677,0,99.8677,2103,21924,225, , ,CR72_9 microlite 4,15104.65,13.2808,23,9/29/2020 14:10,Glass (on the basis of 24 O)
24 / 1 . ,0.0095,51.2903,0.9392,1.6758,,0,18.3856,10.763,0.3988,16.5995,,0.1062,0,0.0155,100.1832,0.0039,100.1794,2187,21954,225, , ,CR72_9 microlite 5,15015.51,13.3158,24,9/29/2020 14:17,Glass (on the basis of 24 O)
25 / 1 . ,0.0762,49.1339,1.6924,2.6238,,0,13.9012,17.0328,0.4042,13.9938,,0.33,0.0128,0.0233,99.2244,0.0058,99.2186,2240,21861,225, , ,CR72_9 microlite 6,15001.07,13.3465,25,9/29/2020 14:24,Glass (on the basis of 24 O)
